"earnings_id","symbol","reportedDate","fiscalDateEnding","reportedEPS","surprise","surprisePercentage","estimatedEPS","reportTime","price_range_prior","price_change_prior","avg_volume_prior","price_range_post","price_change_post","avg_volume_post","sentiment_prior","sentiment_post"
"AAPL01","AAPL","2025-10-30","2025-09-30",1.85,0.09,5.1136,1.76,"post-market",39.34,-13.1704889161147,52753902.4545455,18.1,-3.22290565087586,46096698.35,0.242172106228027,0.275307789720075
"AAPL02","AAPL","2025-07-31","2025-06-30",1.57,0.14,9.7902,1.43,"post-market",21.16,-7.41499767116907,51941503.8709677,44.625,-15.7011089232045,58578073.1176471,0.242172106228027,0.339572180289572
"AAPL03","AAPL","2025-05-01","2025-03-31",1.65,0.03,1.8519,1.62,"post-market",56.4099,5.14379860926028,68965784.15625,20.69,0.330415920498385,53718579.2121212,0.339572180289572,0.339572180289572
"AAPL04","AAPL","2025-01-30","2024-12-31",2.4,0.06,2.5641,2.34,"post-market",40.72,9.65833259186761,52261811.4827586,41.58,7.77557194176592,50631315.3235294,0.242172106228027,0.242172106228027
"AAPL05","AAPL","2024-10-31","2024-09-30",0.97,0.02,2.1053,0.95,"post-market",23.57,-3.08174458083051,50983099.1212121,35.29,-10.4942751169166,46928116,0.300452141155817,0
"AAPL06","AAPL","2024-08-01","2024-06-30",1.4,0.06,4.4776,1.34,"post-market",30.64,-2.57430269775949,72050197.0967742,37.09,-9.00117406618254,56498382.0294118,0.300452141155817,0.300452141155817
"AAPL07","AAPL","2024-05-02","2024-03-31",1.53,0.03,2,1.5,"post-market",14.595,0.735813515422651,60993325.96875,39.78,-13.6318266077285,73235239.5757576,0.158862012371021,0.339572180289572
"AAPL08","AAPL","2024-02-01","2023-12-31",2.18,0.07,3.3175,2.11,"post-market",19.45,1.89941833530653,55994743.9,22.56,9.26874708896135,64336237.4117647,0.22545797007365,0.300452141155817
"AAPL09","AAPL","2023-11-02","2023-09-30",1.46,0.07,5.036,1.39,"post-market",16.67,4.37361452279672,58015944.1212121,23.41,-8.17194384670561,52777598.9117647,0.233193286915337,0.331402551923086
"AAPL10","AAPL","2023-08-03","2023-06-30",1.26,0.07,5.8824,1.19,"post-market",16.21,-5.50675502131813,53773248.9354839,18.02,2.39308410144845,62117096.0294118,0.203052067094273,0
"AAPL11","AAPL","2023-05-04","2023-03-31",1.52,0.09,6.2937,1.43,"post-market",19.93,-9.1993590124043,57438973.125,17.1399,-6.49420641336568,58502903.8181818,0.241522924790959,0.300452141155817
"AAPL12","AAPL","2023-02-02","2022-12-31",1.88,-0.07,-3.5897,1.95,"post-market",23.06,0.0384198945199307,78231584.9333333,18.24,-4.48822862898151,64984007.8823529,0.133717660935278,0.197991194905297
"AAPL13","AAPL","2022-10-27","2022-09-30",1.29,0.02,1.5748,1.27,"post-market",29.89,9.16217540421362,94449400.4848485,21.72,12.184950799283,82553474.3235294,0.241669219199312,0.244960843387264
"AAPL14","AAPL","2022-07-28","2022-06-30",1.2,0.05,4.3478,1.15,"post-market",27.24,-4.78151747216679,79080716.2258064,27.78,6.81171880166654,74794441.2058824,0.256262086432565,0.208387241298912
"AAPL15","AAPL","2022-04-28","2022-03-31",1.52,0.09,6.2937,1.43,"post-market",29.51,-2.10861468220595,86375894.0625,37.44,21.4469688232807,103850385.852941,0.218700997087827,0.331402551923086
"AMGN01","AMGN","2025-10-29","2025-09-30",5.64,0.62,12.3506,5.02,"post-market",34.08,-4.41121240055992,2413774,53.72,-13.6327863118314,3036155.15,0.122187832876925,0.149407736231182
"AMGN02","AMGN","2025-08-05","2025-06-30",6.02,0.74,14.0152,5.28,"post-market",43.45,-0.504948495253484,2373375.57575758,29.86,0.966826636774439,2275590.45454545,0.101162583376384,0.0945976218015242
"AMGN03","AMGN","2025-05-01","2025-03-31",4.9,0.64,15.0235,4.26,"post-market",51.91,11.8187998711847,3132187.9375,38.06,-4.1448471780128,2869958.90909091,0.300452141155817,0.0945976218015242
"AMGN04","AMGN","2025-02-04","2024-12-31",5.31,0.23,4.5276,5.08,"post-market",33.39,-5.55506334721361,3406414.22580645,47.52,-4.20963320715311,3089042.54545455,0.252014976890055,0.169738087292045
"AMGN05","AMGN","2024-10-30","2024-09-30",5.58,0.47,9.1977,5.11,"post-market",27.01,3.27796791108041,1875899.94117647,74.95,22.8333333333333,4131423.84848485,0.209228434146944,0.180696452817767
"AMGN06","AMGN","2024-08-06","2024-06-30",4.97,-0.04,-0.7984,5.01,"post-market",50.2925,-10.1179538853654,2221786.18181818,27.01,-1.97872340425532,1844974.63636364,0.150687812304274,0.234002477861542
"AMGN07","AMGN","2024-05-02","2024-03-31",3.96,0.09,2.3256,3.87,"post-market",27.885,3.86497064579256,2524150.65625,26.14,-4.35921182895282,2483910.87878788,0.0321253377343568,0.180696452817767
"AMGN08","AMGN","2024-02-06","2023-12-31",4.71,0.1,2.1692,4.61,"post-market",51.425,-14.8807316771722,2341795.03125,27.35,2.42769685454928,3080371.72727273,0.104271339553894,0.214010432619996
"AMGN09","AMGN","2023-10-31","2023-09-30",4.96,0.29,6.2099,4.67,"pre-market",31.44,-2.68823201338537,2589218.34285714,22.21,-2.86866069178993,2447664.06060606,0.0939667271655001,0.127911601603752
"AMGN10","AMGN","2023-08-03","2023-06-30",5,0.51,11.3586,4.49,"post-market",20.04,-6.13968414829828,2698684.16129032,29.62,-5.50304479396272,2385143.17647059,0.167031640737507,0.203052067094273
"AMGN11","AMGN","2023-04-27","2023-03-31",3.98,0.13,3.3766,3.85,"post-market",31.04,-6.17349872669022,2362306.84375,29.5899,3.85150408624588,2546745.32352941,0.138787676524776,0.126206357406383
"AMGN12","AMGN","2023-01-31","2022-12-31",4.09,-0.01,-0.2439,4.1,"post-market",30.13,8.59653941224937,2402186.25,24.56,5.02034696937246,2569781.24242424,0.17067985754582,0.311556801089893
"AMGN13","AMGN","2022-11-03","2022-09-30",4.7,0.26,5.8559,4.44,"post-market",51.24,-15.4108573123702,2566619.81818182,33.85,4.58320749018423,3067743.73529412,0.0276359280780115,0.176303048866904
"AMGN14","AMGN","2022-08-04","2022-06-30",4.65,0.25,5.6818,4.4,"post-market",24.275,-5.18393302744908,3179739.25806452,30.86,8.46528356506864,2702704.11764706,0.234002477861542,0.165344683341181
"AMGN15","AMGN","2022-04-27","2022-03-31",4.25,0.16,3.912,4.09,"post-market",32.371,-9.05155450609996,2827598.03030303,30.65,-1.14726027397261,3225266.57575758,0.203052067094273,-0.0294097477792966
"AMZN01","AMZN","2025-10-30","2025-09-30",1.95,0.41,26.6234,1.54,"post-market",26.65,3.76627472180926,46388437.7878788,43.42,8.91004202040991,47143677.4,0.37052259105684,0.300452141155817
"AMZN02","AMZN","2025-07-31","2025-06-30",1.68,0.35,26.3158,1.33,"post-market",28.6899,-8.19050900008613,41163443.2580645,27.43,-8.91681370228515,40140879.9705882,0.37052259105684,0.339572180289572
"AMZN03","AMZN","2025-05-01","2025-03-31",1.59,0.23,16.9118,1.36,"post-market",44.83,6.0068223003944,55670315.75,34.55,-13.1963853176821,39999048.2727273,0.37052259105684,0.339572180289572
"AMZN04","AMZN","2025-02-06","2024-12-31",1.86,0.3763,25.3623,1.4837,"pre-market",25.57,-6.7568710359408,33236844.3448276,44.54,17.4982360649128,42418772.0882353,0.331402551923086,0.203052067094273
"AMZN05","AMZN","2024-10-31","2024-09-30",1.43,0.29,25.4386,1.14,"post-market",19.64,-1.77269097684322,33566131.4545455,38.6899,-10.9443231441048,41982619.2941176,0.203052067094273,0.331402551923086
"AMZN06","AMZN","2024-08-01","2024-06-30",1.26,0.23,22.3301,1.03,"post-market",24.4,3.60330395254726,43732063.3548387,40.23,-15.3550964621774,38316406.7941176,0.138787676524776,0.300452141155817
"AMZN07","AMZN","2024-04-30","2024-03-31",0.98,0.16,19.5122,0.82,"post-market",23.45,-3.2818695688855,36900975.5294118,17.83,1.34704873867254,35189603.28125,0.225311675665297,0.300452141155817
"AMZN08","AMZN","2024-02-01","2023-12-31",1,0.2,25,0.8,"post-market",16.67,-6.04721626057315,45931730.2666667,15.675,-4.18673207615105,41788211.0588235,0.234002477861542,0.300452141155817
"AMZN09","AMZN","2023-10-26","2023-09-30",0.94,0.36,62.069,0.58,"post-market",22.82,5.7087075361187,52863124,22.01,-10.5607224693355,51064499.0588235,0.127911601603752,0.331402551923086
"AMZN10","AMZN","2023-08-03","2023-06-30",0.65,0.3,85.7143,0.35,"post-market",12.8,-2.52139717788572,56120196.3870968,17.34,8.47380062542902,49818097.8235294,0.158862012371021,0.244960843387264
"AMZN11","AMZN","2023-04-27","2023-03-31",0.31,0.1,47.619,0.21,"post-market",20.03,-11.4797360980207,56863854.84375,27.26,-20.0923968365829,63225802.3235294,0.234002477861542,0.267138161353589
"AMZN12","AMZN","2023-02-02","2022-12-31",0.25,0.07,38.8889,0.18,"post-market",22.055,-7.98754144479052,75891526.7666667,15.8284,4.19619640034672,61325816.8235294,0.234002477861542,0.331402551923086
"AMZN13","AMZN","2022-10-27","2022-09-30",0.17,-0.05,-22.7273,0.22,"post-market",31.145,12.7953167468116,57281347.6060606,19,16.0595932702657,91022804.3529412,0.234002477861542,0.169738087292045
"AMZN14","AMZN","2022-07-28","2022-06-30",0.18,0.04,28.5714,0.14,"post-market",24.07,-3.06375489960803,69349935.4516129,25.87,10.2704023456589,53228923.6176471,0.339572180289572,0.234002477861542
"AMZN15","AMZN","2022-04-28","2022-03-31",0.37,-0.05,-11.9048,0.42,"post-market",680.07,-6.05126475548061,3263356.1875,2422.98,2322.17898832685,29528012.7352941,0.380927780850976,0.300452141155817
"AXP01","AXP","2025-10-17","2025-09-30",4.14,0.16,4.0201,3.98,"pre-market",33.24,2.45010495973932,2624422.75,43.13,-3.95206947727148,2434449.26666667,0.234002477861542,0.300452141155817
"AXP02","AXP","2025-07-18","2025-06-30",4.08,0.2,5.1546,3.88,"pre-market",42.99,-7.48849008738138,2735977.90322581,44.1248000000001,-8.38247301097704,2412753.44117647,0.342360917448808,0.275307789720075
"AXP03","AXP","2025-04-17","2025-03-31",3.64,0.17,4.8991,3.47,"pre-market",83.035,19.9319535015594,4005421.75757576,64.35,-19.2413999800193,2650637.94117647,0.225311675665297,0.252577296022164
"AXP04","AXP","2025-01-24","2024-12-31",3.04,-0.01,-0.3279,3.05,"pre-market",28.97,-3.9901603731391,2380095.06896552,69.73,21.6321666762767,2819476.38235294,0.339572180289572,0.138787676524776
"AXP05","AXP","2024-10-18","2024-09-30",3.49,0.21,6.4024,3.28,"pre-market",37.11,-5.909617612978,2620084.59375,41.475,-10.2439994695664,2520043.38235294,0.339572180289572,0.203052067094273
"AXP06","AXP","2024-07-19","2024-06-30",3.49,0.23,7.0552,3.26,"pre-market",23.918,-1.34331461842378,2758998.93548387,39.72,-2.60257073500736,2734192.02941176,0.339572180289572,0.339572180289572
"AXP07","AXP","2024-04-19","2024-03-31",3.33,0.35,11.745,2.98,"pre-market",17.1752,-1.11316418044977,2615949.875,16.7238,0.253861709909214,2904177.67647059,0.177057379409976,0.300452141155817
"AXP08","AXP","2024-01-26","2023-12-31",2.62,-0.03,-1.1321,2.65,"pre-market",21.94,-8.48800607836752,3020052.13333333,25.825,-9.10489637071227,3186144.5,0.300452141155817,0.339572180289572
"AXP09","AXP","2023-10-20","2023-09-30",3.3,0.35,11.8644,2.95,"pre-market",20.02,3.68839010303866,2954346.3125,34.4,-14.1083521444695,2997795.05882353,0.267138161353589,0.113172439962146
"AXP10","AXP","2023-07-21","2023-06-30",2.89,0.07,2.4823,2.82,"pre-market",19.68,-5.90956401063953,2765720.61290323,13.735,6.85899885364921,2603773.67647059,0.283527706789432,0.389097409217462
"AXP11","AXP","2023-04-20","2023-03-31",2.4,-0.27,-10.1124,2.67,"pre-market",25.615,7.10545543107647,3593119.25,27.375,-6.6011399325346,2980640.85294118,0.300452141155817,0.252577296022164
"AXP12","AXP","2023-01-27","2022-12-31",2.07,-0.17,-7.5893,2.24,"pre-market",18.83,1.39473684210527,2742759.93333333,27.25,9.12653267602073,3714014,0.234002477861542,0.188312905452667
"AXP13","AXP","2022-10-21","2022-09-30",2.47,0.06,2.4896,2.41,"post-market",32.8,7.49039692701665,3082617.875,20.675,-8.0264952269628,2864523.82352941,0.219263316219935,0.219263316219935
"AXP14","AXP","2022-07-22","2022-06-30",2.57,0.16,6.639,2.41,"pre-market",36.139,17.1816544270472,3653205.16129032,19.51,-0.427322758174164,2638926.08823529,0.0291308740633729,0.300452141155817
"AXP15","AXP","2022-04-22","2022-03-31",2.73,0.26,10.5263,2.47,"pre-market",38.63,-0.794132245078049,3927439.21875,34.55,17.0672771206919,3012112.38235294,0.283527706789432,0.24582032303634
"BA01","BA","2025-10-29","2025-09-30",-7.47,-5.09,-213.8655,-2.38,"pre-market",21.62,4.78451424397371,7785918.58823529,28.89,8.2504233700254,8213697.35,0.256262086432565,0.236187750586321
"BA02","BA","2025-07-29","2025-06-30",-1.24,0.03,2.3622,-1.27,"pre-market",39.99,-6.2537712266184,8362561.72727273,25.2,2.92685189480032,6381275.15151515,0.138787676524776,0.285712979514211
"BA03","BA","2025-04-23","2025-03-31",-0.49,0.81,62.3077,-1.3,"pre-market",55.5199,1.12645580092917,10265682.6363636,41.17,-9.82836226937725,8598948.45454546,0.275307789720075,0.331402551923086
"BA04","BA","2025-01-28","2024-12-31",-5.9,-2.12,-56.0847,-3.78,"pre-market",28.3,-10.7727272727273,10242868.8387097,43.21,6.77473989837891,7267815.75757576,0.127911601603752,0.275307789720075
"BA05","BA","2024-10-23","2024-09-30",-10.44,-1.72,-19.7248,-8.72,"pre-market",23.58,3.32392197125257,9080035.79411765,32.27,-10.4262022231469,16131561.0909091,0.236187750586321,0.331402551923086
"BA06","BA","2024-07-31","2024-06-30",-2.9,-0.89,-44.2786,-2.01,"pre-market",19.455,-0.193694178413867,5815995.125,26.68,6.38853503184713,6704647.60606061,0.339069293260857,0.31666339028148
"BA07","BA","2024-04-24","2024-03-31",-1.13,0.63,35.7955,-1.76,"post-market",36.27,18.3176470588235,8131311.39393939,25.13,-4.53945196434467,6204305.96969697,-0.0325779360602002,0.234002477861542
"BA08","BA","2024-01-31","2023-12-31",-0.47,0.32,40.5063,-0.79,"pre-market",69.22,22.4295844002364,11416189.0967742,36.2506,8.87296485589336,7791511.63636364,0.380927780850976,0.220397097884674
"BA09","BA","2023-10-25","2023-09-30",-3.26,-0.65,-24.9042,-2.61,"pre-market",44.2416,21.8359973724546,5059502.47058824,77.7,-27.3245386792077,5767891.48484848,-0.0555461581716856,0.267138161353589
"BA10","BA","2023-07-26","2023-06-30",-0.82,0.07,7.8652,-0.89,"pre-market",23.3,-3.08569825611295,5564445.09375,35.35,14.2057951611361,4409876.87878788,0.234002477861542,0.331402551923086
"BA11","BA","2023-04-26","2023-03-31",-1.27,-0.22,-20.9524,-1.05,"pre-market",26.16,-0.0384615384615445,6027887.57575758,30.64,-6.12423447069116,5186816.12121212,0.192143990271422,0.121154628617929
"BA12","BA","2023-01-25","2022-12-31",-1.75,-1.95,-975,0.2,"pre-market",42.02,-13.9972044150962,6913541.06451613,28.92,6.86272011416629,5831906.90909091,0.267138161353589,0.267138161353589
"BA13","BA","2022-10-26","2022-09-30",-6.18,-6.27,-6966.6667,0.09,"pre-market",39.98,10.0447718082033,6956309.91176471,51.59,-23.4845637583893,7616250.63636364,0.0945976218015242,0.267138161353589
"BA14","BA","2022-07-27","2022-06-30",-0.37,-0.26,-236.3636,-0.11,"pre-market",50.3199,-12.9666254635352,10668582.84375,29.55,14.3291858263457,6382619.15151515,0.331402551923086,0.234002477861542
"BA15","BA","2022-04-27","2022-03-31",-2.75,-2.5,-1000,-0.25,"pre-market",29.9999,-3.86104657594866,8709882.18181818,44.97,12.8397873955961,11312672.2424242,0.267284455761942,0.0945976218015242
"CAT01","CAT","2025-10-29","2025-09-30",4.95,0.43,9.5133,4.52,"pre-market",128.5499,-20.0378686455265,3047331.61764706,46.91,0.0315562490138784,2485997.25,0.192143990271422,0.300452141155817
"CAT02","CAT","2025-08-05","2025-06-30",4.72,-0.18,-3.6735,4.9,"pre-market",84.19,-15.1134740145678,2766400.42424242,79.8775,-11.8849164374868,2905284.48484848,0,0.349977370083708
"CAT03","CAT","2025-04-30","2025-03-31",4.25,-0.09,-2.0737,4.34,"pre-market",79.97,11.3634873811865,3190429.81818182,46.4999,-9.52594293394562,2229993.65625,0.110177976291162,0.166231593191824
"CAT04","CAT","2025-01-30","2024-12-31",5.14,0.11,2.1869,5.03,"pre-market",59.79,-4.15547285140365,2050125.75862069,50.98,9.1603514386643,2720715.35294118,0.191513095635398,0.186305929038069
"CAT05","CAT","2024-10-30","2024-09-30",5.17,-0.18,-3.3645,5.35,"pre-market",77.49,-14.2321808988476,2330924.44117647,58.49,2.19303007273911,2058175.09090909,-0.125634894873753,0
"CAT06","CAT","2024-08-06","2024-06-30",5.99,0.45,8.1227,5.54,"pre-market",51.57,-0.108443067389627,3166120.87878788,63.32,-12.594315245478,2298745.78787879,0.2663975459113,0.316032495645456
"CAT07","CAT","2024-04-25","2024-03-31",5.6,0.46,8.9494,5.14,"pre-market",50.48,-6.32448575176534,2246893.625,48.5799,8.83972743395875,2863096.91176471,0.313956943726941,0.251768105075959
"CAT08","CAT","2024-02-05","2023-12-31",5.23,0.48,10.1053,4.75,"pre-market",31.13,-5.78089961746472,2657974.41935484,54.73,-9.66728384671491,2137529.03030303,0.0740341140273479,0.285712979514211
"CAT09","CAT","2023-10-31","2023-09-30",5.52,0.73,15.2401,4.79,"pre-market",48.7385,16.0460810532812,2375500.05714286,64.7,-17.5316000411057,3155591.54545455,0.123559342955239,0.1610472850958
"CAT10","CAT","2023-08-01","2023-06-30",5.55,0.97,21.179,4.58,"pre-market",34.12,-8.47535875043281,2669284.75757576,20.61,-1.79751332149201,2221456.54545455,0.203993837348048,0.161193579504153
"CAT11","CAT","2023-04-27","2023-03-31",4.91,1.12,29.5515,3.79,"pre-market",42.17,12.7112883491186,3260188.90625,45.29,-12.8829190056135,3320138.08823529,-0.0109583655257227,0.349977370083708
"CAT12","CAT","2023-01-31","2022-12-31",3.86,-0.17,-4.2184,4.03,"pre-market",39.02,-11.2017069267698,3109271.90625,44.27,10.0324199493716,3256851.24242424,0.155081216255137,0.316809684689833
"CAT13","CAT","2022-10-27","2022-09-30",3.95,0.78,24.6057,3.17,"pre-market",32.1,0.628720859066391,2915012.87878788,28.4919,-5.32301097843677,3250288.17647059,0.177436830531643,0.219263316219935
"CAT14","CAT","2022-08-02","2022-06-30",3.18,0.16,5.298,3.02,"pre-market",42.79,9.35038849833501,3218025.93939394,28.4877,3.40807675145024,2368176.21212121,0.234944248115317,0.349977370083708
"CAT15","CAT","2022-04-28","2022-03-31",2.88,0.28,10.7692,2.6,"pre-market",30.45,-8.15236427320491,3216639.15625,41.48,8.37591986917415,2982344.23529412,0.262534459190718,0.188312905452667
"CRM01","CRM","2025-09-03","2025-07-31",2.91,0.13,4.6763,2.78,"post-market",47.52,0.853563038371174,7160743.44117647,33.615,-2.06909937888199,9467749.70588235,NA,NA
"CRM02","CRM","2025-05-28","2025-04-30",2.58,0.03,1.1765,2.55,"post-market",63.28,-12.5483870967742,6121201.12121212,22.28,1.40703128028218,7748242.5,NA,NA
"CRM03","CRM","2025-02-26","2025-01-31",2.78,0.17,6.5134,2.61,"post-market",60.23,1.86851428033984,6380471.77419355,73.07,17.3319453897586,7305312.35294118,NA,NA
"CRM04","CRM","2024-12-03","2024-10-31",2.41,-0.04,-1.6327,2.45,"post-market",66.2424,-11.4471366976377,5126440.64705882,53.35,9.28,5714162.23333333,NA,NA
"CRM05","CRM","2024-08-28","2024-07-31",2.56,0.2,8.4746,2.36,"post-market",33.865,-3.64899423642124,5137993.97058824,52.1399,-15.0363063433347,5366801.09090909,NA,NA
"CRM06","CRM","2024-05-29","2024-04-30",2.44,0.07,2.9536,2.37,"post-market",39.05,11.6044734802347,4730169.35294118,38.0359,-6.15531054176251,8635222.65625,NA,NA
"CRM07","CRM","2024-02-28","2024-01-31",2.29,0.02,0.8811,2.27,"post-market",39.22,-12.3020134228188,4940574.125,47.905,13.8679791546034,5630285.63636364,NA,NA
"CRM08","CRM","2023-11-29","2023-10-31",2.11,0.05,2.4272,2.06,"post-market",32.42,-7.7910500980567,4053119.15151515,28.8039,-8.18315018315018,5565414.58064516,NA,NA
"CRM09","CRM","2023-08-30","2023-07-31",2.12,0.22,11.5789,1.9,"post-market",38.02,7.62006715001703,4764220.26470588,29.405,5.92879631872124,4363818.45454545,NA,NA
"CRM10","CRM","2023-05-31","2023-04-30",1.69,0.08,4.9689,1.61,"post-market",28.84,-11.2359022556391,4876039.76470588,33.44,-9.1908264820424,6927163.9375,NA,NA
"CRM11","CRM","2023-03-01","2023-01-31",1.68,0.32,23.5294,1.36,"post-market",35.68,-8.18855470452706,8552324.5,30.12,-6.78567806065524,6797139.96969697,NA,NA
"CRM12","CRM","2022-11-30","2022-10-31",1.4,0.18,14.7541,1.22,"post-market",29.99,-6.2471230354442,7132836.3030303,24.15,-6.68199554069119,10486352.7741935,NA,NA
"CRM13","CRM","2022-08-24","2022-07-31",1.19,0.16,15.534,1.03,"post-market",36.72,-7.02947845804989,4386266.70588235,28.225,15.2921704087507,7107935.42424242,NA,NA
"CRM14","CRM","2022-05-31","2022-04-30",0.98,0.04,4.2553,0.94,"post-market",46.57,21.6468537997137,7397681.17647059,35.0299,5.00283929585463,6720168.78125,NA,NA
"CRM15","CRM","2022-03-01","2022-01-31",0.84,0.09,12,0.75,"post-market",54.84,12.1656474082179,7555735.06060606,36.635,5.24651355694956,6172684.75757576,NA,0
"CSCO01","CSCO","2025-11-12","2025-10-31",1,0.02,2.0408,0.98,"post-market",8.02489999999999,-5.38628563423688,17801338.2941176,4.73500000000001,1.45437944303136,21523156.6,0.225311675665297,0.397998509625715
"CSCO02","CSCO","2025-08-13","2025-07-31",0.99,0.01,1.0204,0.98,"post-market",5.5,-3.34979998006918,19106800.6969697,3.8258,-3.21647994217563,18103585.4848485,0.322858044135194,0.225311675665297
"CSCO03","CSCO","2025-05-14","2025-04-30",0.96,0.04,4.3478,0.92,"post-market",9.93,0.552304014508286,23839055.1515152,7.48,-6.24816661777648,19939331.90625,0,0.342360917448808
"CSCO04","CSCO","2025-02-12","2025-01-31",0.94,0.03,3.2967,0.91,"post-market",5.08,-4.60631176283073,17667317.3666667,8.995,8.77399797911755,22737979.1818182,0.214010432619996,0.236187750586321
"CSCO05","CSCO","2024-11-13","2024-10-31",0.91,0.04,4.5977,0.87,"post-market",6.29499999999999,-9.58856946118093,16120109.6470588,3.88,-3.30690062426185,19598456.0322581,0.225311675665297,0.300452141155817
"CSCO06","CSCO","2024-08-14","2024-07-31",0.87,0.02,2.3529,0.85,"post-market",4.13,3.67614879649891,18966737.0606061,5.4599,-4.23452768729642,16850573.6666667,0.300452141155817,0.300452141155817
"CSCO07","CSCO","2024-05-15","2024-04-30",0.88,0.06,7.3171,0.82,"post-market",3.6,3.22916666666666,16459360.4242424,3.12,-0.0424178154824942,20618846.9032258,0.266653561125918,0.247146116112043
"CSCO08","CSCO","2024-02-14","2024-01-31",0.87,0.03,3.5714,0.84,"post-market",3.36,0.700981373923496,17567668.8125,2.89,-1.65003055612141,19313665.5,0.339572180289572,0.203052067094273
"CSCO09","CSCO","2023-11-15","2023-10-31",1.11,0.08,7.767,1.03,"post-market",3.495,0.880382775119619,15322169.2941176,3.31,-4.30214115781125,19769187,0.205657936243068,0.203052067094273
"CSCO10","CSCO","2023-08-16","2023-07-31",1.14,0.08,7.5472,1.06,"post-market",4.085,-4.66729147141519,17388585.0909091,5.655,3.82022471910112,16745321.9393939,0.158862012371021,0.208940417030498
"CSCO11","CSCO","2023-05-17","2023-04-30",1,0.03,3.0928,0.97,"post-market",7.005,8.88072601555747,17196220.4242424,4.685,-4.39635758347204,18166375.1935484,0.234002477861542,0.225311675665297
"CSCO12","CSCO","2023-02-15","2023-01-31",0.88,0.02,2.3256,0.86,"post-market",3.89,1.77730192719486,16092212.59375,4.54,-2.41555380989789,17998519.3636364,0.169738087292045,0.236187750586321
"CSCO13","CSCO","2022-11-16","2022-10-31",0.86,0.02,2.381,0.84,"post-market",7.605,-10.3142983621071,19904189.4705882,4.025,0.27374184038744,17491429.0322581,0.158862012371021,0.214869912269072
"CSCO14","CSCO","2022-08-17","2022-07-31",0.83,0.01,1.2195,0.82,"post-market",5.79,-6.57409416359297,17753522.6060606,8.54,14.5498199279712,19068018.9090909,0.0889058549765244,0.115330282485359
"CSCO15","CSCO","2022-05-18","2022-04-30",0.87,0.01,1.1628,0.86,"post-market",9.47,14.2886470950524,20260527.6060606,5.27,1.09608208955224,25139056.0645161,0.226646612141522,-0.0821031649880907
"CVX01","CVX","2025-10-31","2025-09-30",1.85,0.15,8.8235,1.7,"pre-market",12.41,1.57578869668475,6734800.12121212,10.25,1.50906095551894,8409058.35,0.300452141155817,0.339572180289572
"CVX02","CVX","2025-08-01","2025-06-30",1.77,0.03,1.7241,1.74,"pre-market",14.15,-6.71171171171172,11932839.0645161,12.04,-5.00330199062864,7985694.76470588,0.300452141155817,0.300452141155817
"CVX03","CVX","2025-05-02","2025-03-31",2.18,0.03,1.3953,2.15,"pre-market",36.92,10.5346477657048,10755064.75,16.4,-8.76649609480205,9041033.78787879,0.225311675665297,0.300452141155817
"CVX04","CVX","2025-01-31","2024-12-31",1.84,-0.1,-5.1546,1.94,"pre-market",21.22,-1.03626943005182,8801003.86206897,17.57,-9.21028633959511,8087022.61764706,0.225311675665297,0.300452141155817
"CVX05","CVX","2024-11-01","2024-09-30",2.51,0.09,3.719,2.42,"pre-market",15.33,-6.09780775716694,6939036.72727273,24.13,9.33428013491923,9038956.08823529,0.0939667271655001,0.236187750586321
"CVX06","CVX","2024-08-02","2024-06-30",2.55,-0.45,-15,3,"pre-market",12.35,-3.41864139020537,6899115.25806452,14.7228,-0.392480892377603,7753756.73529412,0.241038324563288,0.300452141155817
"CVX07","CVX","2024-04-26","2024-03-31",2.93,0.02,0.6873,2.91,"pre-market",15.48,-6.6145670522038,7856001.875,15.14,8.62012668974075,6854135.64705882,0.210572514023691,0.339572180289572
"CVX08","CVX","2024-02-02","2023-12-31",3.45,0.23,7.1429,3.22,"pre-market",14.73,0.563418069622378,9723271.16666667,9.37,-1.77327830797008,8500933.5,0.166231593191824,0.339572180289572
"CVX09","CVX","2023-10-27","2023-09-30",3.05,-0.63,-17.1196,3.68,"pre-market",12.71,2.04531537048376,7981748.78787879,9.21000000000001,-0.834917187075746,12056539,0.138787676524776,0.316032495645456
"CVX10","CVX","2023-07-23","2023-06-30",3.08,0.1,3.3557,2.98,"post-market",10.64,1.09211467204055,7590579.77419355,12.37,-4.00999524036174,7380224.75757576,0.0223556142765056,0.236187750586321
"CVX11","CVX","2023-04-28","2023-03-31",3.55,0.17,5.0296,3.38,"pre-market",22.97,-5.07983441750444,8409998.03125,18.99,5.46761682537682,8003095.67647059,0.252577296022164,0.264431714799051
"CVX12","CVX","2023-01-27","2022-12-31",4.09,-0.21,-4.8837,4.3,"pre-market",15.4455,-4.23265824181889,7761684.83333333,28.43,13.3966931389142,9541792.17647059,0.39894027987949,0.339572180289572
"CVX13","CVX","2022-10-28","2022-09-30",5.56,0.64,13.0081,4.92,"pre-market",34.21,-9.37354718735473,9695309.18181818,22.58,7.33993947665104,8386322.02941176,0.188395196057366,0.366129187105977
"CVX14","CVX","2022-07-29","2022-06-30",5.82,0.79,15.7058,5.03,"pre-market",48.1,21.8393960192176,10979862.8064516,17.81,-0.00622975330178129,9424414.23529412,0.349977370083708,0.324833018647965
"CVX15","CVX","2022-04-29","2022-03-31",3.36,-0.09,-2.6087,3.45,"pre-market",23.4,9.68984781352341,13530906.875,36.61,3.14436983471075,11596732.7058824,0.274836904593187,0.380927780850976
"DIS01","DIS","2025-11-12","2025-09-30",1.11,0.08,7.767,1.03,"pre-market",7.54899999999999,1.80944174867353,7897139.02941176,5.78,0.733892489515818,11440321.9,0.138787676524776,0.267284455761942
"DIS02","DIS","2025-08-06","2025-06-30",1.61,0.17,11.8056,1.44,"pre-market",9.67,0.463494493345241,8045021.1875,8.26000000000001,-0.141957235382838,7767701.03030303,0.267138161353589,0.267138161353589
"DIS03","DIS","2025-05-07","2025-03-31",1.45,0.24,19.8347,1.21,"pre-market",22.17,8.17726480836236,11113938.1515152,13.01,-7.90965160860144,9984368.59375,0.0945976218015242,0.180696452817767
"DIS04","DIS","2025-02-05","2024-12-31",1.76,0.33,23.0769,1.43,"pre-market",9.9584,-0.247131509267433,7576764.13333333,19.625,8.50958196802702,9154578.87878788,0.169738087292045,0.138787676524776
"DIS05","DIS","2024-11-14","2024-09-30",1.14,0.03,2.7027,1.11,"pre-market",8.09,-4.87187278436139,7880768.81818182,8.8,1.94846008799497,8288597.78125,0.0945976218015242,0.169738087292045
"DIS06","DIS","2024-08-07","2024-06-30",1.39,0.2,16.8067,1.19,"pre-market",14.677,10.1345486111111,10621979.46875,10.475,-9.00910438280753,9057757.15151515,0.267284455761942,0.267284455761942
"DIS07","DIS","2024-05-07","2024-03-31",1.21,0.11,10,1.1,"pre-market",13.53,0.273031530738055,9555746.38235294,7.77,3.81746810598626,9452708.875,0.20894956043102,0.169738087292045
"DIS08","DIS","2024-02-07","2023-12-31",1.22,0.23,23.2323,0.99,"post-market",9.245,-2.44079767345242,11328840.1612903,17.91,-9.86391752577319,10810235.969697,0.0246414644070276,0.138787676524776
"DIS09","DIS","2023-11-08","2023-09-30",0.82,0.12,17.1429,0.7,"post-market",7.55409999999999,-2.64940002376144,11799773.9117647,9.1049,-0.721500721500728,11731518.40625,0.169738087292045,0.234002477861542
"DIS10","DIS","2023-08-09","2023-06-30",1.03,0.08,8.4211,0.95,"post-market",5.79000000000001,4.43332557598325,14963808.9090909,10.085,10.6253114100648,14928400.4848485,0.234002477861542,0.257830179622103
"DIS11","DIS","2023-05-10","2023-03-31",0.93,0,0,0.93,"post-market",9.5887,-2.07931838928897,8218305.54545455,7.50999999999999,5.76309794988611,13883431.5625,0.133726804335801,0.169738087292045
"DIS12","DIS","2023-02-08","2022-12-31",0.99,0.21,26.9231,0.78,"post-market",29.46,-21.9341526868216,12170259.1290323,18.81,9.04486984705762,8875303.3030303,0.174442366860659,0.109995108280721
"DIS13","DIS","2022-11-08","2022-09-30",0.3,-0.25,-45.4545,0.55,"post-market",18.5145,7.92881858625803,9223944.65714286,16.82,10.3740706319703,16179655.9375,0.208387241298912,0.156132707315178
"DIS14","DIS","2022-08-10","2022-06-30",1.09,0.13,13.5417,0.96,"post-market",19.47,-12.6579908248291,10307449.030303,31.048,26.1138739470212,9850747.06060606,0.278096526879312,0.169738087292045
"DIS15","DIS","2022-05-11","2022-03-31",1.08,-0.11,-9.2437,1.19,"post-market",36.16,25.3556410485819,12259497.1212121,20.84,11.3958907011226,12146038,0.241669219199312,0.234002477861542
"GS01","GS","2025-10-14","2025-09-30",12.25,1.16,10.4599,11.09,"pre-market",104.0928,-5.66069057104914,1715843.85294118,101.27,-8.28497782772817,1961476.03225806,0.203052067094273,0.273122516995296
"GS02","GS","2025-07-16","2025-06-30",11.24,1.62,16.8399,9.62,"pre-market",133.8299,-12.4873861197572,2178694.6875,61.45,-3.78194207836457,1761201.48484848,0.275307789720075,0.264431714799051
"GS03","GS","2025-04-14","2025-03-31",14.37,2.08,16.9243,12.29,"pre-market",197.92,24.4563705028821,3467300.32352941,126.11,-15.085,2244884.875,0.234002477861542,0.300452141155817
"GS04","GS","2025-01-15","2024-12-31",10.97,2.68,32.3281,8.29,"pre-market",68.24,5.07592190889371,1889342.66666667,107.57,9.32671937167364,2713119.53125,0.331402551923086,0.37052259105684
"GS05","GS","2024-10-15","2024-09-30",9.02,1.71,23.3926,7.31,"pre-market",60.49,-0.0255905511811015,1761886.47058824,102.22,-12.3548922056385,2147284.42424242,0.138787676524776,0.300452141155817
"GS06","GS","2024-07-15","2024-06-30",8.62,0.2,2.3753,8.42,"pre-market",44.01,-4.20625,2099910.12903226,79.89,-4.18941021144108,2066127.57575758,0.339572180289572,0.203052067094273
"GS07","GS","2024-04-15","2024-03-31",11.58,3.02,35.2804,8.56,"pre-market",37.78,-2.56192568917299,2112605.87878788,69.07,-10.519422863485,2269093.36363636,-0.11467652934803,0.300452141155817
"GS08","GS","2024-01-16","2023-12-31",5.48,1.21,28.3372,4.27,"pre-market",54.6,-11.9032712474566,2089946.24242424,25.42,-3.24050632911393,2391700.96969697,0.225311675665297,0.273122516995296
"GS09","GS","2023-10-17","2023-09-30",5.47,-0.06,-1.085,5.53,"pre-market",42.71,4.47756410256411,1672911.5,61.1332,-12.6517423073564,2134839.18181818,0.282965387657324,0.324833018647965
"GS10","GS","2023-07-19","2023-06-30",3.08,-0.75,-19.5822,3.83,"pre-market",37.17,-0.349408114702258,2493751.84375,43.62,11.9487243465785,1812542.06060606,0.219263316219935,0.234002477861542
"GS11","GS","2023-04-18","2023-03-31",8.79,0.73,9.0571,8.06,"pre-market",68.4269,8.61735952218227,2765257.26470588,33.44,4.27908680258822,1979641.24242424,0.0892441607958416,0.185419019187426
"GS12","GS","2023-01-17","2022-12-31",3.32,-2.45,-42.461,5.77,"pre-market",49.09,5.19133951415445,2076745.3030303,43.5217,-1.25653542852192,2654907.81818182,0.273122516995296,0.35139002546437
"GS13","GS","2022-10-18","2022-09-30",8.25,0.73,9.7074,7.52,"pre-market",56.615,8.60599752813375,1973231.61764706,80.0842,-10.3147673039256,2454605.21212121,0.293608305865034,0.19629509410845
"GS14","GS","2022-07-18","2022-06-30",7.73,1.17,17.8354,6.56,"pre-market",51.8800000000001,14.9908528004503,2465338.48387097,40.86,-1.73928743379874,1913989.60606061,-0.0481582905498384,0.343366691506238
"GS15","GS","2022-04-14","2022-03-31",10.76,1.78,19.8218,8.98,"pre-market",42.5,8.80477071241789,3009405.36363636,53.45,2.80478683620045,2511942.17647059,0.00672497108399587,-0.0916900204355002
"HD01","HD","2025-11-18","2025-10-31",3.74,-0.09,-2.3499,3.83,"pre-market",51.145,11.1748790686234,3053502.05714286,29.29,-3.03064538906935,5252365.33333333,0.0276359280780115,0.236187750586321
"HD02","HD","2025-08-19","2025-07-31",4.68,-0.01,-0.2132,4.69,"pre-market",55.36,-8.84363889510455,3276725.17647059,43.77,6.81312425606791,3606727.15151515,0.0636472110342558,0.291697335155918
"HD03","HD","2025-05-20","2025-04-30",3.56,-0.03,-0.8357,3.59,"pre-market",54.86,-3.61360229334876,3546066.26470588,33.89,-1.30608690919975,3608117.25806452,0.349977370083708,0.285712979514211
"HD04","HD","2025-02-25","2025-01-31",3.02,-0.02,-0.6579,3.04,"pre-market",46.0859,-1.77346115035317,3123815.8125,70.76,12.7216916780355,4237995.73529412,0.192143990271422,0.252577296022164
"HD05","HD","2024-11-12","2024-10-31",3.67,0.01,0.2732,3.66,"pre-market",39.84,-2.98019801980199,3207188.28571429,56.32,4.65885490115638,3237291.96774194,0.252577296022164,0.203052067094273
"HD06","HD","2024-08-13","2024-07-31",4.6,0.05,1.0989,4.55,"pre-market",44.1,0.859467072925353,3313875.20588235,53.88,-11.1945057640422,3174947.66666667,0.252577296022164,0.305787315360456
"HD07","HD","2024-05-14","2024-04-30",3.63,0.02,0.554,3.61,"pre-market",62.96,10.3752949979854,3609945.97058824,33.915,2.13946587537091,3605464.3125,0.203052067094273,0.283527706789432
"HD08","HD","2024-02-20","2024-01-31",2.82,0.05,1.8051,2.77,"pre-market",32.1300000000001,-4.32516357990463,3030634.42424242,48.1279,5.70949498394293,3488880,0.256262086432565,0.252577296022164
"HD09","HD","2023-11-14","2023-10-31",3.81,0.05,1.3298,3.76,"pre-market",33.03,5.96756906268367,2815071.11428571,52.58,-10.2808923148797,3811817.5483871,0.0527619927127098,0.169738087292045
"HD10","HD","2023-08-15","2023-07-31",4.65,0.21,4.7297,4.44,"pre-market",34.08,-6.27967855838305,3068187.47058824,43.3783,11.5932642487047,2784320.36363636,0.113172439962146,0.169738087292045
"HD11","HD","2023-05-16","2023-04-30",3.82,0.02,0.5263,3.8,"pre-market",23.27,-2.33680555555556,3462074.82352941,35.4827,-6.31884057971015,4777988,0.208387241298912,0.300452141155817
"HD12","HD","2023-02-21","2023-01-31",3.3,0.01,0.304,3.29,"pre-market",34.079,-0.869210493284794,3197071.27272727,20.56,0.155300472653625,4183827.24242424,0.11835674805817,0.291697335155918
"HD13","HD","2022-11-15","2022-10-31",4.24,0.12,2.9126,4.12,"pre-market",52.07,-14.5576923076923,3667489.2,36.99,-2.45740804186003,4154308.19354839,0.144122850729415,0.144122850729415
"HD14","HD","2022-08-16","2022-07-31",5.05,0.12,2.4341,4.93,"pre-market",47.76,-9.57103099708903,2804717.70588235,60.71,12.2515283842795,3714152.36363636,0.127911601603752,0.188312905452667
"HD15","HD","2022-05-17","2022-04-30",4.09,0.4,10.8401,3.69,"pre-market",40.37,8.39110191412312,4613148.20588235,43.99,0.771956910768795,4392857.03225806,0.331402551923086,0.252577296022164
"HON01","HON","2025-10-23","2025-09-30",2.82,0.25,9.7276,2.57,"pre-market",16.615,5.3512528922365,4494200.33333333,32.45,13.0281690140845,4167249.04,0.203993837348048,0.27918459154144
"HON02","HON","2025-07-24","2025-06-30",2.75,0.09,3.3835,2.66,"pre-market",21.52,-5.11847155014184,2950501.29032258,16.8119,5.15300163513198,3434124.14705882,0.268226226015718,0.144122850729415
"HON03","HON","2025-04-29","2025-03-31",2.51,0.3,13.5747,2.21,"pre-market",39.11,7.33935742971888,4765416.38235294,20.985,-3.61451206337775,3475940.75757576,0.139729446778551,0.285712979514211
"HON04","HON","2025-02-06","2024-12-31",2.47,0.12,5.1064,2.35,"pre-market",20.1,1.79941664796949,3590756.10344828,16.93,-2.68353012554254,4586529.44117647,0.245239717103188,0.31666339028148
"HON05","HON","2024-10-24","2024-09-30",2.58,0.08,3.2,2.5,"pre-market",24.7099,-5.59434135586993,2589930.75757576,39.74,-8.78109232539612,4550273.91176471,0.349977370083708,0.156000128007607
"HON06","HON","2024-07-25","2024-06-30",2.49,0.07,2.8926,2.42,"pre-market",14.92,-3.88554631883525,2613281.5483871,13.39,-1.5014427544383,2581350.44117647,0.0746055765599784,0.267138161353589
"HON07","HON","2024-04-25","2024-03-31",2.25,0.08,3.6866,2.17,"pre-market",17.07,4.09636052126057,2829222.1875,19.729,-6.48166023166022,2601383.38235294,0.354325057031961,0.262744757402726
"HON08","HON","2024-02-01","2023-12-31",2.6,0.01,0.3861,2.59,"pre-market",14.605,0.0246269024282182,2890011.63333333,11.875,-4.22290591504566,2938663.02941176,0.0651513004201393,0.267138161353589
"HON09","HON","2023-10-26","2023-09-30",2.27,0.04,1.7937,2.23,"pre-market",17.96,1.01834108951546,2806749.6969697,28.445,-11.822418444935,2898199.91176471,0.182671427330539,0.236187750586321
"HON10","HON","2023-07-27","2023-06-30",2.23,0.02,0.905,2.21,"pre-market",16.64,-4.76213335893621,2612537.41935484,12.275,-0.200493522516972,2673705.64705882,0.155081216255137,0.236187750586321
"HON11","HON","2023-04-27","2023-03-31",2.07,0.14,7.2539,1.93,"pre-market",15.24,-0.771221269470805,2869285.03125,16.025,-2.20487804878049,2303224.08823529,0.203052067094273,0.331402551923086
"HON12","HON","2023-02-02","2022-12-31",2.52,0.01,0.3984,2.51,"pre-market",19.06,3.28539131271346,2872176.73333333,21.79,9.46939213477118,3197816.82352941,0.127911601603752,0.113172439962146
"HON13","HON","2022-10-27","2022-09-30",2.25,0.09,4.1667,2.16,"pre-market",27.0398,6.83654443753884,3093276.42424242,21.7925,-1.60598022666987,3227548.94117647,0.17067985754582,0.285712979514211
"HON14","HON","2022-07-28","2022-06-30",2.1,0.07,3.4483,2.03,"pre-market",29.53,7.76731301939059,2765853.74193548,31.74,10.6188061765384,2596226,0.31141050668154,0.165344683341181
"HON15","HON","2022-04-29","2022-03-31",1.91,0.05,2.6882,1.86,"pre-market",18.56,-3.13665738454264,2987073.4375,28.205,9.73801560758082,3444409.76470588,0.234944248115317,0.267138161353589
"IBM01","IBM","2025-10-22","2025-09-30",1.84,-0.08,-4.1667,1.92,"post-market",62.7925,-12.5475285171103,4901286.02941176,36.83,2.14841519714196,4859561.4,0.138787676524776,0.333734119056218
"IBM02","IBM","2025-07-23","2025-06-30",2.8,0.15,5.6604,2.65,"post-market",33.58,-6.415413931823,3561055.46875,32.4399,2.19366361236216,4860779.33333333,0.122850729414777,0.300452141155817
"IBM03","IBM","2025-04-23","2025-03-31",1.12,0.04,3.7037,1.08,"post-market",51.95,5.64502670226969,5065776,50.99,-16.1155116683835,3667471.3030303,0.158862012371021,0.191997695863068
"IBM04","IBM","2025-01-29","2024-12-31",3.09,-0.39,-11.2069,3.48,"post-market",19.78,2.863230789719,3706555.9,29.226,6.75155584670816,4854803.12121212,0.05858633884528,0.300452141155817
"IBM05","IBM","2024-10-23","2024-09-30",2.3,0.07,3.139,2.23,"post-market",38.035,-13.2114522249051,3956640.70588235,35.84,-7.69530911298014,4160191.15151515,0.138869967129475,0.236187750586321
"IBM06","IBM","2024-07-24","2024-06-30",2.43,0.26,11.9816,2.17,"post-market",25.59,-11.0127193688617,3492818.8125,30.84,-8.80952380952381,3269096.54545455,0.0851433456616851,0.278096526879312
"IBM07","IBM","2024-04-24","2024-03-31",1.68,0.08,5,1.6,"post-market",19.01,5.21843994956969,4019942.18181818,12.84,-0.934855925684861,3558850.81818182,0.31141050668154,0.267138161353589
"IBM08","IBM","2024-01-24","2023-12-31",3.87,0.09,2.381,3.78,"post-market",13.6941,-5.39304765812768,4162490.29032258,20.43,-4.98095963442498,4847889.6969697,0.219345606824634,0.339572180289572
"IBM09","IBM","2023-10-25","2023-09-30",2.2,0.07,3.2864,2.13,"post-market",15.6199,7.22403184943901,3924764.47058824,23.76,-12.4593383661695,4198052.78787879,0.122850729414777,0.225311675665297
"IBM10","IBM","2023-07-19","2023-06-30",2.18,0.18,9,2,"post-market",12.009,-3.30819206930028,4424468.40625,10.2212,-5.79896037264565,3862070.09090909,0.203052067094273,0.285150660382103
"IBM11","IBM","2023-04-19","2023-03-31",1.36,0.12,9.6774,1.24,"post-market",10.9,0.653900046707149,5330756.93939394,15.43,-6.89731977132674,4335134.12121212,0.1610472850958,0.236187750586321
"IBM12","IBM","2023-01-25","2022-12-31",3.6,-0.01,-0.277,3.61,"post-market",16.015,4.11519728947555,4061105.12903226,15.68,10.0357839947951,4488423.66666667,0.169738087292045,0.267138161353589
"IBM13","IBM","2022-10-19","2022-09-30",1.81,0.01,0.5556,1.8,"post-market",15.445,6.38752052545157,4174051.21212121,20.61,-10.2839756592292,4389938.12121212,0.0346809181802804,0.300452141155817
"IBM14","IBM","2022-07-18","2022-06-30",2.31,0.02,0.8734,2.29,"post-market",11.88,2.38938053097346,4858223.90322581,14.21,-0.508607198748037,3873971.75757576,0.266507266717565,0.158862012371021
"IBM15","IBM","2022-04-19","2022-03-31",1.4,-0.02,-1.4085,1.42,"post-market",12.38,-4.97944621112232,4091546.38235294,18.93,-2.68881537270359,5055153.09090909,0.0997819298975482,0.236187750586321
"JNJ01","JNJ","2025-10-14","2025-09-30",2.8,0.04,1.4493,2.76,"pre-market",18.77,-7.08296442893599,8295883.97058824,23.15,-6.43099273607748,8670331.16129032,0.203052067094273,0.1610472850958
"JNJ02","JNJ","2025-07-16","2025-06-30",2.77,0.09,3.3582,2.68,"pre-market",10.2,-2.44135340739091,7818210.65625,18.38,-7.6629213483146,8260285.33333333,0.300452141155817,0.300452141155817
"JNJ03","JNJ","2025-04-15","2025-03-31",4.54,2.28,100.885,2.26,"pre-market",28.49,9.64976896805732,10778098.1428571,12.605,1.28445104240624,8007877.5,0.138216213992146,0.203052067094273
"JNJ04","JNJ","2025-01-22","2024-12-31",2.04,0.03,1.4925,2.01,"pre-market",14.12,3.33695062398265,8560762.51612903,21.99,-6.44924432478738,9342440.15151515,0.225311675665297,0.264431714799051
"JNJ05","JNJ","2024-10-15","2024-09-30",2.42,0.21,9.5023,2.21,"pre-market",10.075,1.49833518312986,5768722.23529412,16.25,9.14138409676781,7293667.78787879,0.236864362224955,0.300452141155817
"JNJ06","JNJ","2024-07-17","2024-06-30",2.82,0.12,4.4444,2.7,"pre-market",7.16999999999999,-3.74666666666667,6940697.59375,17.28,-7.75119617224879,6906099.36363636,0.300452141155817,0.203052067094273
"JNJ07","JNJ","2024-04-16","2024-03-31",2.2,-0.01,-0.4525,2.21,"pre-market",15.96,8.59786573010941,6841348.35294118,11.15,-0.0405487598837618,8047195.33333333,0.14874483969333,0.300452141155817
"JNJ08","JNJ","2024-01-23","2023-12-31",2.29,0.01,0.4386,2.28,"pre-market",11.51,-1.40862550418865,6791221.34375,8.27000000000001,-1.86427121146865,7375095.03030303,0.300452141155817,0.138787676524776
"JNJ09","JNJ","2023-10-17","2023-09-30",2.66,0.14,5.5556,2.52,"pre-market",12.89,4.82358195623046,7667458.26470588,15.07,-3.48221044663135,6790161.63636364,0.300452141155817,0.300452141155817
"JNJ10","JNJ","2023-07-20","2023-06-30",2.8,0.18,6.8702,2.62,"pre-market",13.12,-2.58826485739415,6860809.70967742,18.62,7.19969922927502,35921264.8235294,0.331402551923086,0.234002477861542
"JNJ11","JNJ","2023-04-18","2023-03-31",2.68,0.18,7.2,2.5,"pre-market",17.12,-6.2300415737784,8041794.26470588,13.03,2.90322580645162,6082543.51515152,0.236187750586321,0.225311675665297
"JNJ12","JNJ","2023-01-24","2022-12-31",2.35,0.11,4.9107,2.24,"pre-market",13.559,5.10288065843622,6383720.71875,18.156,10.0693535723632,8841079.18181818,0.203052067094273,0.349977370083708
"JNJ13","JNJ","2022-10-18","2022-09-30",2.55,0.06,2.4096,2.49,"pre-market",8.5,-0.875699343225491,7318299.38235294,15.57,-4.45149232598968,6534025.96969697,0.301540205817946,0.300452141155817
"JNJ14","JNJ","2022-07-19","2022-06-30",2.59,0.04,1.5686,2.55,"pre-market",16.0906,1.02414045354791,7077537.46875,14.82,5.65342827327973,6432486.45454545,0.300452141155817,0.300452141155817
"JNJ15","JNJ","2022-04-19","2022-03-31",2.67,0.1,3.8911,2.57,"pre-market",21.8198,-8.57222222222223,7572174.32352941,14,1.93149915777653,7397616.12121212,0.0636472110342558,0.138787676524776
"JPM01","JPM","2025-10-14","2025-09-30",5.07,0.2,4.1068,4.87,"pre-market",26.57,-3.52025125956947,8086321.47058824,31.7052,-4.91771848538105,7655413.93548387,NA,NA
"JPM02","JPM","2025-07-15","2025-06-30",4.96,0.49,10.962,4.47,"pre-market",36.09,-7.08531801625104,8713946.125,18.7124,-3.09412116977743,7434839.51515152,NA,NA
"JPM03","JPM","2025-04-11","2025-03-31",5.07,0.43,9.2672,4.64,"pre-market",76.58,29.6593283763425,12708992.8787879,43.184,-10.9052951224141,8688656.18181818,NA,NA
"JPM04","JPM","2025-01-15","2024-12-31",4.81,0.77,19.0594,4.04,"pre-market",22.24,2.83022748776173,8492053.36666667,36.4,6.01346177098866,8646418,NA,NA
"JPM05","JPM","2024-10-11","2024-09-30",4.37,0.38,9.5238,3.99,"pre-market",24.87,2.65365113964839,9038513.78125,35.43,-11.3583606819819,8510683.5,NA,NA
"JPM06","JPM","2024-07-12","2024-06-30",6.12,1.03,20.2358,5.09,"pre-market",19.5,-3.96020288724152,8832514.43333333,34.58,-5.59550561797752,8172108.94285714,NA,NA
"JPM07","JPM","2024-04-12","2024-03-31",4.44,0.31,7.5061,4.13,"pre-market",19.7,-7.36261511992714,8023852.3125,26.68,-8.23381836427497,9309341.38235294,NA,NA
"JPM08","JPM","2024-01-12","2023-12-31",3.04,-0.56,-15.5556,3.6,"pre-market",20.67,-10.7429368678061,9042073.03333333,22.14,-9.53688745288098,8736654.63636364,NA,NA
"JPM09","JPM","2023-10-13","2023-09-30",4.33,0.37,9.3434,3.96,"pre-market",9.41999999999999,2.48503410831129,8333176.78125,22.67,-5.1148761391349,8902541.05882353,NA,NA
"JPM10","JPM","2023-07-14","2023-06-30",4.75,0.75,18.75,4,"pre-market",13.0756,-6.11072664359862,9651074.1,13.92,4.99007461154083,8654046.68571429,NA,NA
"JPM11","JPM","2023-04-14","2023-03-31",4.1,0.69,20.2346,3.41,"pre-market",20.93,10.3761656393235,17123117.84375,11.56,0.193465176268279,10961360.3823529,NA,NA
"JPM12","JPM","2023-01-13","2022-12-31",3.57,0.47,15.1613,3.1,"pre-market",10.47,-1.34199134199133,9583378.26666667,10.79,-0.501731326408013,9354587.93939394,NA,NA
"JPM13","JPM","2022-10-14","2022-09-30",3.12,0.27,9.4737,2.85,"pre-market",17.152,11.0746744120678,11594660.59375,24.34,-13.8523310283293,12046496.1470588,NA,NA
"JPM14","JPM","2022-07-14","2022-06-30",2.76,-0.14,-4.8276,2.9,"pre-market",23.85,10.4897533865926,12603633.7,13.2175,-3.52118753775783,11090675.2,NA,NA
"JPM15","JPM","2022-04-13","2022-03-31",2.63,-0.08,-2.952,2.71,"pre-market",26.03,15.3413837624364,16819806.2058824,18.49,-1.10854503464203,14460172.2727273,NA,NA
"KO01","KO","2025-10-21","2025-09-30",0.82,0.04,5.1282,0.78,"pre-market",4.10619999999999,1.55882352941177,16828937.9411765,5.57000000000001,-3.98071625344353,16176895.0769231,0.350530545815294,0.300452141155817
"KO02","KO","2025-07-22","2025-06-30",0.87,0.03,3.5714,0.84,"pre-market",3.905,2.20739584072682,16356357.4848485,4.545,2.03569848060185,14914032.4242424,0.300452141155817,0.300452141155817
"KO03","KO","2025-04-29","2025-03-31",0.73,0.01,1.3889,0.72,"pre-market",8.33,-1.65175498967654,19308449.2352941,4.105,2.35714285714287,14203446.3030303,0.339572180289572,0.236187750586321
"KO04","KO","2025-02-11","2024-12-31",0.55,0.03,5.7692,0.52,"pre-market",3.66999999999999,-1.65536812233958,14233837,5.03999999999999,-4.29405225125068,19288874.5151515,0.203052067094273,0.236187750586321
"KO05","KO","2024-10-23","2024-09-30",0.77,0.02,2.6667,0.75,"pre-market",4.67,4.49406039788178,13586959.8823529,6.005,4.90952006294257,17597042.6060606,0.300452141155817,0.300452141155817
"KO06","KO","2024-07-23","2024-06-30",0.84,0.03,3.7037,0.81,"pre-market",3.86000000000001,-4.1285801340646,11281047.6969697,7.52,-6.03979820627803,14350416.1515152,0.252577296022164,0.275307789720075
"KO07","KO","2024-04-30","2024-03-31",0.72,0.02,2.8571,0.7,"pre-market",4.66,-2.12835093419983,14122829.8235294,3.29,-0.575723652646729,10399750.0625,0.236187750586321,0.331402551923086
"KO08","KO","2024-02-13","2023-12-31",0.49,0,0,0.49,"pre-market",2.945,-1.53018328569026,13213685.25,2.665,-1.09908409658617,13850480.125,0.236187750586321,0.203052067094273
"KO09","KO","2023-10-24","2023-09-30",0.74,0.05,7.2464,0.69,"pre-market",7.77,7.86722904823033,16541465.0588235,4.92,-7.08158116063919,13371943.3333333,0.350530545815294,0.300452141155817
"KO10","KO","2023-07-26","2023-06-30",0.78,0.06,8.3333,0.72,"pre-market",3.84,-3.44220300992635,14266825.34375,4.575,6.33585164835164,10357648.5151515,0.339572180289572,0.203052067094273
"KO11","KO","2023-04-24","2023-03-31",0.68,0.03,4.6154,0.65,"pre-market",5.01,-5.13908533710514,12991519.6666667,5.325,5.76316226540442,13446199.3333333,0.214010432619996,0.149746042050499
"KO12","KO","2023-02-14","2022-12-31",0.45,0,0,0.45,"pre-market",5.77,7.51841929002009,12472673.5625,4.65000000000001,-3.85415000799617,14011795.0909091,0.274836904593187,0.242172106228027
"KO13","KO","2022-10-25","2022-09-30",0.69,0.05,7.8125,0.64,"pre-market",8.865,11.2363636363636,15043088.1764706,6.6,-5.34351145038168,12727036.2727273,0.274836904593187,0.300452141155817
"KO14","KO","2022-07-26","2022-06-30",0.7,0.03,4.4776,0.67,"pre-market",6.1972,2.42750081459758,15566703,5.19,5.8212401055409,10983877.7272727,0.389097409217462,0.203052067094273
"KO15","KO","2022-04-25","2022-03-31",0.64,0.06,10.3448,0.58,"pre-market",9.5,-7.42649287662929,16733108,7.72499999999999,8.99061419397333,20142687.3636364,0.300452141155817,0.188312905452667
"MCD01","MCD","2025-11-05","2025-09-30",3.22,-0.11,-3.3033,3.33,"pre-market",20.75,1.09666666666667,2899477.14705882,17.26,-3.35401318340442,3026889.66666667,0.236334044994674,0.300452141155817
"MCD02","MCD","2025-08-06","2025-06-30",3.19,0.04,1.2698,3.15,"pre-market",21.9607999999999,-3.68698517298188,3962027.625,21.545,-0.496926899437682,3162095.66666667,0.185419019187426,0.169738087292045
"MCD03","MCD","2025-05-01","2025-03-31",2.67,0,0,2.67,"pre-market",31.28,-5.40284360189574,4011611.625,36.15,8.95537840356146,3072552.06060606,0.124917137932769,0.364684529823487
"MCD04","MCD","2025-02-10","2024-12-31",2.83,-0.03,-1.049,2.86,"pre-market",20.62,-0.102884186700489,2774242.16666667,30.61,-0.977385971636643,3588611.09090909,0.110740295423271,0.330739655385234
"MCD05","MCD","2024-10-29","2024-09-30",3.23,0.03,0.9375,3.2,"pre-market",32.07,-3.22591362126245,3330794.02857143,20.35,0.0644024133957012,3073381.51515152,0.158862012371021,-0.0114886827560038
"MCD06","MCD","2024-07-29","2024-06-30",2.97,-0.1,-3.2573,3.07,"pre-market",18.8,-0.149494472638576,3844318.5,37.71,-9.51178451178451,3202290.33333333,-0.10850473399562,0.17720367381833
"MCD07","MCD","2024-04-30","2024-03-31",2.7,-0.03,-1.0989,2.73,"pre-market",31.245,8.69741547763889,3449876.85294118,27.58,6.44615081708998,3355548.75,0.26328878973379,0.267284455761942
"MCD08","MCD","2024-02-05","2023-12-31",2.95,0.12,4.2403,2.83,"pre-market",15.19,-0.503942406582095,2760381.58064516,21.57,4.55196619153355,3015235.12121212,-0.00793189995291146,0.267138161353589
"MCD09","MCD","2023-10-30","2023-09-30",3.19,0.2,6.689,2.99,"pre-market",39.87,8.28301594674097,3018476.76470588,32.46,-8.19486015068634,3116023.93939394,-0.0109583655257227,0.188312905452667
"MCD10","MCD","2023-07-27","2023-06-30",3.17,0.38,13.6201,2.79,"pre-market",19.35,-5.2946314587113,2294060.77419355,19.24,3.29035440005636,2417057.94117647,0,0.149746042050499
"MCD11","MCD","2023-04-25","2023-03-31",2.63,0.29,12.3932,2.34,"pre-market",32.16,-7.41652983032294,2566226.67647059,18.86,2.65532801110725,2401415.27272727,0.05858633884528,0.137164722932106
"MCD12","MCD","2023-01-31","2022-12-31",2.59,0.13,5.2846,2.46,"pre-market",20.39,0.589090909090911,2498021.46875,12.96,-2.15153310620649,2805018.60606061,0,0.169738087292045
"MCD13","MCD","2022-10-27","2022-09-30",2.68,0.1,3.876,2.58,"pre-market",30.82,3.2812437552456,3004500.72727273,15.91,0.83206981990311,3215011.88235294,0,0.188312905452667
"MCD14","MCD","2022-07-26","2022-06-30",2.55,0.08,3.2389,2.47,"pre-market",24.74,-2.2384236453202,2635286.03030303,16.21,3.28235294117647,2243976.48484848,0.121154628617929,0.135793212853792
"MCD15","MCD","2022-04-28","2022-03-31",2.28,0.1,4.5872,2.18,"pre-market",41.93,-12.756862745098,3147165.15625,26.44,5.30270685680129,3066559.55882353,0.331402551923086,0.391886146376699
"MMM01","MMM","2025-10-21","2025-09-30",2.19,0.12,5.7971,2.07,"pre-market",13.645,1.86200066028394,2757542.17647059,13.5,-1.27724396531521,2970021.23076923,0,0.391241536639892
"MMM02","MMM","2025-07-18","2025-06-30",2.16,0.15,7.4627,2.01,"pre-market",17.9,-3.83058037148918,3003342.90322581,16.22,-1.91270860077023,3330387.11764706,0.105784572340299,0.31666339028148
"MMM03","MMM","2025-04-22","2025-03-31",1.88,0.11,6.2147,1.77,"pre-market",34.3729,17.7075341414761,4611111.23529412,19.88,-5.32593333103519,2979151,-0.0751907541933921,0.285712979514211
"MMM04","MMM","2025-01-21","2024-12-31",1.68,0.14,9.0909,1.54,"pre-market",16.29,-4.84067311134982,3302172.15625,15.57,0.75517497134381,4140299.84848485,0.196377384713149,0.094675340705962
"MMM05","MMM","2024-10-22","2024-09-30",1.98,0.08,4.2105,1.9,"pre-market",13.6,-3.56695408652075,3254488.70588235,11.08,-4.23735318952945,3153001.3030303,0.343366691506238,0.192656020700659
"MMM06","MMM","2024-07-26","2024-06-30",1.93,0.25,14.881,1.68,"pre-market",7.36,-5.61214683836249,3587082.67741935,15.68,-5.09554140127389,3919369.70588235,0.185419019187426,0.290202389170556
"MMM07","MMM","2024-04-30","2024-03-31",2.39,0.28,13.2701,2.11,"pre-market",20.96,2.78688524590164,5913718.44117647,11.03,-2.91795742979913,4689609.71875,NA,0.304941550812163
"MMM08","MMM","2024-01-23","2023-12-31",2.42,0.11,4.7619,2.31,"pre-market",10.95,-3.09162450815064,3314557.375,13.6135,-3.74047332531087,4451085.03030303,0.0636472110342558,0.0713870995762034
"MMM09","MMM","2023-10-24","2023-09-30",2.68,0.33,14.0426,2.35,"pre-market",22.47,23.2268481144043,3735854.29411765,17.94,-14.1960784313726,3388176.36363636,-0.00602092924379506,0.1610472850958
"MMM10","MMM","2023-07-25","2023-06-30",2.17,0.41,23.2955,1.76,"pre-market",9.32000000000001,-5.94220984928482,3723119.42424242,14.71,4.42411797647937,3455109,-0.044587792645963,0.331402551923086
"MMM11","MMM","2023-04-25","2023-03-31",1.97,0.37,23.125,1.6,"pre-market",11.4625,4.71518384454182,3491494.55882353,14.45,2.96626599457154,3649795.33333333,0.14292049356076,0.087209754179677
"MMM12","MMM","2023-01-24","2022-12-31",2.28,-0.09,-3.7975,2.37,"pre-market",13.26,5.12863770560945,2884243.6875,20.58,13.748519542045,3548660.87878788,0.252577296022164,0.0279239451944573
"MMM13","MMM","2022-10-25","2022-09-30",2.69,0.1,3.861,2.59,"pre-market",19.45,3.0490499337163,7188542.67647059,12.79,0.079051383399205,2673408.96969697,-0.00602092924379506,0.0279239451944573
"MMM14","MMM","2022-07-26","2022-06-30",2.48,0.04,1.6393,2.44,"pre-market",21.7,8.58522094318604,2960069.18181818,36.32,18.7875772276817,15230607.2121212,0.00493743628192761,0.135793212853792
"MMM15","MMM","2022-04-26","2022-03-31",2.65,0.33,14.2241,2.32,"post-market",12.43,-4.98673740053051,3064584.05882353,21.6,6.23158515026518,2888979.75757576,0.29306427353397,0.133095909699776
"MRK01","MRK","2025-10-30","2025-09-30",2.58,0.21,8.8608,2.37,"pre-market",13.42,-3.77877018206802,12332125.3333333,23.83,-21.2280366692131,15244594.4,NA,NA
"MRK02","MRK","2025-07-29","2025-06-30",2.13,0.1,4.9261,2.03,"pre-market",8.12,-5.73906844106464,15542737.1212121,10.305,-2.08693504569029,11172457.0606061,NA,NA
"MRK03","MRK","2025-04-24","2025-03-31",2.22,0.08,3.7383,2.14,"pre-market",21.44,21.1991156197165,17903744.5,12.52,1.88609920391916,14378516.7352941,NA,NA
"MRK04","MRK","2025-02-04","2024-12-31",1.72,0.05,2.994,1.67,"pre-market",7.81999999999999,0.96871846619577,10818552.9032258,16.33,-1.08794197642792,18090390.1818182,NA,NA
"MRK05","MRK","2024-10-31","2024-09-30",1.57,0,0,1.57,"pre-market",15.52,7.71903465114095,9395633.06060606,10.5881,3.07598907214409,12897618.7941176,NA,NA
"MRK06","MRK","2024-07-30","2024-06-30",2.28,0.13,6.0465,2.15,"pre-market",13.76,3.34420560380399,9018813.45454546,9.58,-2.53807106598985,8876279.72727273,NA,NA
"MRK07","MRK","2024-04-25","2024-03-31",2.07,0.19,10.1064,1.88,"pre-market",13.87,-1.51213688818146,9118239.90625,10.09,0.743264168473218,7310870.97058824,NA,NA
"MRK08","MRK","2024-02-01","2023-12-31",0.03,0.14,127.2727,-0.11,"pre-market",17.05,-11.1194091776616,8506134.63333333,11.01,1.93068907019953,8773800.79411765,NA,NA
"MRK09","MRK","2023-10-26","2023-09-30",2.13,0.18,9.2308,1.95,"pre-market",10.53,6.5006500650065,6412351.51515152,7.41,-2.10696920583468,8812895.64705882,NA,NA
"MRK10","MRK","2023-08-01","2023-06-30",-2.06,0.12,5.5046,-2.18,"pre-market",10.44,4.2018400834677,7848182.81818182,7.59999999999999,-2.96645411699473,6542128.81818182,NA,NA
"MRK11","MRK","2023-04-27","2023-03-31",1.4,0.08,6.0606,1.32,"pre-market",14.005,-5.73691999651781,7941252.75,12.78,6.24657534246576,6995210.5,NA,NA
"MRK12","MRK","2023-02-02","2022-12-31",1.62,0.08,5.1948,1.54,"pre-market",10.38,5.02777516241409,8773050.46666667,9.74000000000001,-0.0576424248246731,8932521.08823529,NA,NA
"MRK13","MRK","2022-10-27","2022-09-30",1.85,0.14,8.1871,1.71,"pre-market",11.44,-6.43041792330892,8677265.15151515,14.84,-7.35994141340168,10172349.0882353,NA,NA
"MRK14","MRK","2022-07-28","2022-06-30",1.87,0.17,10,1.7,"pre-market",12.67,-0.69914548884696,11392682.9677419,7.95,2.22863741339493,7892747.38235294,NA,NA
"MRK15","MRK","2022-04-28","2022-03-31",2.14,0.31,16.9399,1.83,"pre-market",12.43,-9.3990216631726,10728028.4375,11.87,3.5562381852552,12314348.1470588,NA,NA
"MSFT01","MSFT","2025-10-29","2025-09-30",3.72,0.06,1.6393,3.66,"post-market",34.3099999999999,-4.66344038715353,18645596.7941176,60.0700000000001,5.85441256257229,25099320.25,0.339572180289572,0.300452141155817
"MSFT02","MSFT","2025-07-30","2025-06-30",3.65,0.27,7.9882,3.38,"post-market",51.33,-8.10689510503157,18467143.71875,45.88,4.72149993157246,20437755.8787879,0.331402551923086,0.300452141155817
"MSFT03","MSFT","2025-04-30","2025-03-31",3.46,0.24,7.4534,3.22,"post-market",51.57,-1.69250645994832,25241759,49.8897,-8.7510460251046,18806753.125,0.370668885465193,0.300452141155817
"MSFT04","MSFT","2025-01-29","2024-12-31",3.23,0.13,4.1935,3.1,"post-market",45.4448,-0.411088148081598,20225283.8,42.4,6.52909380792513,23055678.3939394,0.300452141155817,0.234002477861542
"MSFT05","MSFT","2024-10-30","2024-09-30",3.3,0.19,6.1093,3.11,"post-market",34.15,-2.94310619551973,18145265,50.5935,-7.50871790226892,21657440.4848485,0.300452141155817,0.234002477861542
"MSFT06","MSFT","2024-07-30","2024-06-30",2.95,0.02,0.6826,2.93,"post-market",51.08,2.31229076996653,18630533.1515152,56.27,-6.09425287356322,19081351.6969697,0.203052067094273,0.236187750586321
"MSFT07","MSFT","2024-04-25","2024-03-31",2.94,0.12,4.2553,2.82,"post-market",33.05,-0.480162364180877,19785979.34375,54.23,-8.21972505846785,18233568.6764706,0.339572180289572,0.203052067094273
"MSFT08","MSFT","2024-01-30","2023-12-31",2.93,0.15,5.3957,2.78,"post-market",42.88,-8.17815367114276,24670974.34375,30.6,-2.55450236966824,22010317.5454545,0.169738087292045,0.127911601603752
"MSFT09","MSFT","2023-10-24","2023-09-30",2.99,0.34,12.8302,2.65,"post-market",31.41,0.551670083202696,21218528.6176471,55.8993,-12.2892399340461,26459944.8787879,0.191997695863068,0.169738087292045
"MSFT10","MSFT","2023-07-25","2023-06-30",2.69,0.14,5.4902,2.55,"post-market",44.28,-3.78347415151081,28537890.4545455,28.4592,2.13093477407866,20401647,0.169738087292045,0.339572180289572
"MSFT11","MSFT","2023-04-25","2023-03-31",2.45,0.22,9.8655,2.23,"post-market",46.35,-9.87333777762183,29298626.6764706,35.73,-8.09953939103906,27001798.9393939,0.256262086432565,0.138787676524776
"MSFT12","MSFT","2023-01-24","2022-12-31",2.32,0.03,1.31,2.29,"post-market",44.565,6.53381873922207,29965862.15625,34.56,-4.54650357719825,30560782.3636364,0.0919003186475082,0.135793212853792
"MSFT13","MSFT","2022-10-25","2022-09-30",2.35,0.05,2.1739,2.3,"post-market",48.32,7.88531992843145,27907751.4117647,50.484,-8.26819118733714,28781157.030303,0.339572180289572,0.380927780850976
"MSFT14","MSFT","2022-07-26","2022-06-30",2.23,-0.06,-2.6201,2.29,"post-market",32.67,1.32332981450761,26882369.6969697,44.32,10.7324576973139,21789946.3030303,0.208858126425799,0.331402551923086
"MSFT15","MSFT","2022-04-26","2022-03-31",2.22,0.03,1.3699,2.19,"post-market",45.95,-0.983385401874461,30016878.6176471,49.37,11.7635214046957,33503554.8787879,0.208387241298912,0.256262086432565
"NKE01","NKE","2025-09-30","2025-08-31",0.49,0.22,81.4815,0.27,"post-market",12.135,6.68780628423177,11224527.6764706,14.49,15.226271525831,14255461.7058824,0.167040784138029,0.236187750586321
"NKE02","NKE","2025-06-26","2025-05-31",0.14,0.02,16.6667,0.12,"post-market",7.28999999999999,-1.89121338912134,14465108.0645161,9.92999999999999,-7.42767787333853,13229906.2647059,0.364053635187463,0.230495983761321
"NKE03","NKE","2025-03-20","2025-02-28",0.54,0.26,92.8571,0.28,"post-market",13.82,4.5032751091703,13554312.5625,16.61,13.9499492729117,23173715.3235294,0.0997819298975482,0.203052067094273
"NKE04","NKE","2024-12-19","2024-11-30",0.78,0.15,23.8095,0.63,"post-market",8.47000000000001,-1.16354234001292,10902164.46875,10.2444,8.79455743746013,12203817.9677419,0.0688315191302798,0.35086427993435
"NKE05","NKE","2024-10-01","2024-08-31",0.7,0.17,32.0755,0.53,"post-market",16.5696,-16.5567356064841,12324499.5588235,12.052,11.6616888406191,9861708.32352941,0.203052067094273,0.331402551923086
"NKE06","NKE","2024-06-27","2024-05-31",1.01,0.17,20.2381,0.84,"post-market",7.11,-2.46977907461441,9070282,13.1898,-7.29971042471042,16159943.6176471,0.203052067094273,-0.0109583655257227
"NKE07","NKE","2024-03-21","2024-02-29",0.98,0.22,28.9474,0.76,"post-market",10.37,1.22632103688934,8416602,7.45,0.73063285698937,9009200.73529412,0.203052067094273,0.138787676524776
"NKE08","NKE","2023-12-21","2023-11-30",1.03,0.18,21.1765,0.85,"post-market",22.6212,-16.5798395766146,7680637.4375,10.9069,4.0655105973025,8985050.09375,0.203052067094273,0.108111567773171
"NKE09","NKE","2023-09-28","2023-08-31",0.94,0.18,23.6842,0.76,"post-market",21.4,19.775060056781,7662343.9375,16.97,-12.4930594114381,8415344.57142857,0.234002477861542,0.167040784138029
"NKE10","NKE","2023-06-29","2023-05-31",0.66,-0.01,-1.4925,0.67,"post-market",23.555,14.6264501160093,9615763.58064516,8.28,5.08523548107484,6273903.82352941,0.166775625522888,0.267138161353589
"NKE11","NKE","2023-03-21","2023-02-28",0.79,0.24,43.6364,0.55,"post-market",15.52,4.2914912932244,5627558.82352941,11.83,-4.41840209042681,4587551.36363636,0.350123664492061,0.144122850729415
"NKE12","NKE","2022-12-20","2022-11-30",0.85,0.19,28.7879,0.66,"post-market",27.73,-13.2778141667446,7429815.91176471,16.355,-5.77889447236181,6291127.87096774,0.05858633884528,0.208858126425799
"NKE13","NKE","2022-09-29","2022-08-31",0.93,0.01,1.087,0.92,"post-market",23.13,16.7354519191085,6233587.84375,27.09,-20.6540927250766,8832089.57142857,0.305787315360456,0.208387241298912
"NKE14","NKE","2022-06-27","2022-05-31",1,0.19,23.4568,0.81,"post-market",20.36,5.90419960003808,6917063.25,18.94,-11.8509573917544,6418130.12121212,0.225311675665297,0.283527706789432
"NKE15","NKE","2022-03-21","2022-02-28",0.87,0.15,20.8333,0.72,"post-market",32.93,18.512886185369,7042852.93939394,31.5061,16.8539325842697,6699285.84848485,0.234002477861542,0.234002477861542
"NVDA01","NVDA","2025-11-19","2025-10-31",1.3,0.06,4.8387,1.24,"post-market",35.4299,2.03434321338729,182833430.205882,13.95,4.45754177157245,212757374,0.169738087292045,0.234002477861542
"NVDA02","NVDA","2025-08-27","2025-07-31",1.05,0.04,3.9604,1.01,"post-market",26.09,-7.30548635652628,160160313.588235,31.55,-6.28326839708061,180872383.484848,0.37052259105684,0.242172106228027
"NVDA03","NVDA","2025-05-28","2025-04-30",0.81,0.06,8,0.75,"post-market",42.94,-25.9230769230769,255884605.878788,38.76,-20.1371933496105,183154218.71875,0.242172106228027,0.339572180289572
"NVDA04","NVDA","2025-02-26","2025-01-31",0.89,0.04,4.7059,0.85,"post-market",40.12,0.0714081690945404,268907906.483871,37.08,9.20057443752992,327189301.352941,0.191997695863068,0.234002477861542
"NVDA05","NVDA","2024-11-20","2024-10-31",0.81,0.06,8,0.75,"post-market",34.63,-19.2379374611721,230187972.029412,26.27,-4.60092579604433,208723709.3,0.242172106228027,0.300452141155817
"NVDA06","NVDA","2024-08-28","2024-07-31",0.68,0.05,7.9365,0.63,"post-market",45.46,4.38582552041951,337400664.617647,39.94,-22.4917468063729,296555239.636364,0.208858126425799,0.339572180289572
"NVDA07","NVDA","2024-05-22","2024-04-30",0.612,0.053,9.4812,0.559,"post-market",202.1299,-5.21039748222404,42582033.5,1138.86,739.049723756906,243443675.419355,0.331402551923086,0.138787676524776
"NVDA08","NVDA","2024-02-21","2024-01-31",0.516,0.055,11.9306,0.461,"post-market",272.91,-34.995951417004,48154554.030303,202.75,-9.52642415923131,53399400.4545455,0.208387241298912,0.127911601603752
"NVDA09","NVDA","2023-11-21","2023-10-31",0.402,0.066,19.6429,0.336,"post-market",107.2999,-9.57515548017123,44027380.4285714,95.9,-10.8922709638914,39985066.9375,0.234002477861542,0.234002477861542
"NVDA10","NVDA","2023-08-23","2023-07-31",0.27,0.063,30.4348,0.207,"post-market",77.77,-0.745866072475667,46020030.8484849,89.47,0.123992560446382,45339619.9090909,0.127911601603752,0.273122516995296
"NVDA11","NVDA","2023-05-24","2023-04-30",0.109,0.017,18.4783,0.092,"post-market",56.08,-12.9471080669711,39672024.969697,87.99,-9.89936654836246,49173328.6451613,0.158862012371021,0.169738087292045
"NVDA12","NVDA","2023-02-22","2023-01-31",0.088,0.007,8.642,0.081,"post-market",90.148,-33.8218297813323,49421762.6666667,57.03,-12.0932146330515,46560727.6969697,0.0945976218015242,0.234002477861542
"NVDA13","NVDA","2022-11-16","2022-10-31",0.058,-0.013,-18.3099,0.071,"post-market",55.76,-21.4739838684169,58178488.7647059,49.06,5.70008971085501,41317854.2903226,0.234002477861542,0.0945976218015242
"NVDA14","NVDA","2022-08-24","2022-07-31",0.051,0.0011,2.2044,0.0499,"post-market",52.19,-18.700423774856,51818339.9411765,55.25,44.0251572327044,61782022.5757576,0.133717660935278,0.167040784138029
"NVDA15","NVDA","2022-05-25","2022-04-30",0.136,0.006,4.6154,0.13,"post-market",117.52,49.6134318024463,59412150.030303,55.64,23.5901509134233,51018214.9677419,0.331548846331439,0.127911601603752
"PG01","PG","2025-10-24","2025-09-30",1.99,0.09,4.7368,1.9,"pre-market",14.705,5.01352331948017,7334396.60606061,9.07499999999999,2.45779878460501,8796393.88,0.108111567773171,0.236187750586321
"PG02","PG","2025-07-29","2025-06-30",1.48,0.06,4.2254,1.42,"pre-market",12.116,3.31765603152409,8634577.45454546,11.65,-4.90768502445953,6519118.57575758,0.155081216255137,0.300452141155817
"PG03","PG","2025-04-24","2025-03-31",1.54,0.01,0.6536,1.53,"pre-market",23.3,4.22610875664061,8991760.40625,14.3,-0.56216016956962,7303658.76470588,0.249692553157445,0.251768105075959
"PG04","PG","2025-01-22","2024-12-31",1.88,0.02,1.0753,1.86,"pre-market",22.15,9.81595092024538,6558969.16129032,17.79,1.16875372689327,7587073.42424242,0.316032495645456,0.138787676524776
"PG05","PG","2024-10-18","2024-09-30",1.93,0.03,1.5789,1.9,"pre-market",11.67,-0.578879663197292,7185921.625,20.62,-3.32439984033758,6853790.38235294,0.252577296022164,0.339572180289572
"PG06","PG","2024-07-30","2024-06-30",1.4,0.03,2.1898,1.37,"pre-market",9.20999999999998,0.0597907324364689,6147313.96969697,12.79,-2.83918880319909,6209972.09090909,0.0501241216620874,0.349314473545856
"PG07","PG","2024-04-19","2024-03-31",1.52,0.11,7.8014,1.41,"pre-market",8.44999999999999,1.61104718066744,6090789.34375,11.7175,-4.66745843230405,5842557.38235294,0.188312905452667,0.389097409217462
"PG08","PG","2024-01-23","2023-12-31",1.84,0.14,8.2353,1.7,"pre-market",10.11,2.56998313659359,7269499.15625,7.81999999999999,-3.84283778790492,6111599.57575758,0.177436830531643,0.169738087292045
"PG09","PG","2023-10-18","2023-09-30",1.83,0.11,6.3953,1.72,"pre-market",13.87,7.45862141210979,5282018,7.99000000000001,1.07798321621069,6594810.54545455,0.274836904593187,0.300452141155817
"PG10","PG","2023-07-28","2023-06-30",1.37,0.05,3.7879,1.32,"pre-market",9.67499999999998,-4.18738550117771,6516220.16129032,7.44999999999999,1.47373888203597,4918955.29411765,0.300452141155817,0.285712979514211
"PG11","PG","2023-04-21","2023-03-31",1.37,0.05,3.7879,1.32,"pre-market",16.86,-7.43533769927894,6355112.59375,16.04,7.32427237781438,5869693.73529412,0.300452141155817,0.127911601603752
"PG12","PG","2023-01-19","2022-12-31",1.59,0,0,1.59,"pre-market",9.67000000000002,-0.300782033286556,6585778.96774194,8.26499999999999,2.99379335523916,6350654.82352941,0.31141050668154,0.389097409217462
"PG13","PG","2022-10-19","2022-09-30",1.57,0.02,1.2903,1.55,"pre-market",20.23,10.5956607495069,6834971.48484848,23.03,-13.4417235380704,6416222.66666667,0.285712979514211,0.225311675665297
"PG14","PG","2022-07-29","2022-06-30",1.21,-0.02,-1.626,1.23,"pre-market",17.99,-0.217086834733895,7445333.74193548,15.34,3.97264260768336,6285731.52941176,0.183252033263691,0.188843222682948
"PG15","PG","2022-04-20","2022-03-31",1.33,0.04,3.1008,1.29,"pre-market",18.18,-4.16927115889485,7197045.24242424,24.53,11.7873598789629,7503064.93939394,0.166245308292607,0.274836904593187
"SHW01","SHW","2025-10-28","2025-09-30",3.59,0.12,3.4582,3.47,"pre-market",47.32,12.1763826606876,1902148,30.1609,1.48876073908438,1951772.57142857,0,0.312269986330616
"SHW02","SHW","2025-07-22","2025-06-30",3.38,-0.43,-11.2861,3.81,"pre-market",34.7599,4.57500956191709,1564508.51515152,52.11,-5.2487880982894,1963395.42424242,-0.00793189995291146,0.142957067162849
"SHW03","SHW","2025-04-29","2025-03-31",2.25,0.09,4.1667,2.16,"pre-market",55.39,7.06847019391906,1983945.85294118,36.4299,8.44288988059342,1410508.60606061,0.108655600104235,0.0952559466391146
"SHW04","SHW","2025-01-30","2024-12-31",2.09,0.03,1.4563,2.06,"pre-market",47.19,2.45998732817278,1505112.44827586,40.32,7.42198059652179,1970914.38235294,0.248714209301581,0.349314473545856
"SHW05","SHW","2024-10-22","2024-09-30",3.37,-0.17,-4.8023,3.54,"pre-market",34.66,-6.9693094629156,1113659.67647059,42.83,-3.98459645932502,2265506.09090909,0.327621755807202,-0.0866291482465244
"SHW06","SHW","2024-07-23","2024-06-30",3.7,0.22,6.3218,3.48,"pre-market",47.7499,-7.01046798029558,1799312.45454545,36.2232,-5.57283076007894,1513324.90909091,0.210572514023691,0.149746042050499
"SHW07","SHW","2024-04-23","2024-03-31",2.17,-0.04,-1.81,2.21,"pre-market",43.0039,8.44807618067174,1247894.70588235,40.9,0.948710346872219,1797840.63636364,0,0.360935735609431
"SHW08","SHW","2024-01-25","2023-12-31",1.81,0.01,0.5556,1.8,"pre-market",28.19,-6.73671199011126,1542517.6,45.94,-7.04221102495249,1383330.23529412,0.262827048007424,0.323228351856339
"SHW09","SHW","2023-10-24","2023-09-30",3.2,0.43,15.5235,2.77,"pre-market",37.565,12.6954268037789,1296556.47058824,72.03,-20.1684367178516,1442324.51515152,0,0.256920411270156
"SHW10","SHW","2023-07-25","2023-06-30",3.29,0.6,22.3048,2.69,"pre-market",32.9306,-9.68580470162749,1293655.75757576,17.78,4.5067900313386,1297568.18181818,0.106744629395118,0.296671345039934
"SHW11","SHW","2023-04-25","2023-03-31",2.04,0.26,14.6067,1.78,"pre-market",29.72,-3.98237659337839,1388911.64705882,28.03,-4.89650478440166,1356742.72727273,NA,0.225828277794795
"SHW12","SHW","2023-01-26","2022-12-31",1.89,0.02,1.0695,1.87,"pre-market",39.14,6.39776290144903,1165752.03333333,35.86,5.11746494263341,1623849.76470588,0.00399566602815253,0.143130791772768
"SHW13","SHW","2022-10-25","2022-09-30",2.83,0.27,10.5469,2.56,"pre-market",49.58,14.4704526088918,1448017.88235294,53.7699,-10.9330708661417,1559963.75757576,0.199801588208671,0.088663554862689
"SHW14","SHW","2022-07-27","2022-06-30",2.41,-0.36,-12.9964,2.77,"pre-market",64.09,7.18345254204525,1608052.875,35.395,7.56670649143767,1443092.6969697,-0.00602092924379506,0.0279239451944573
"SHW15","SHW","2022-04-26","2022-03-31",1.61,0.07,4.5455,1.54,"pre-market",33.455,-3.26498108699981,1477998.82352941,60.6,18.660452269981,1812807.21212121,0.313956943726941,0.24582032303634
"TRV01","TRV","2025-10-16","2025-09-30",8.14,2.56,45.8781,5.58,"pre-market",19.1,-1.32313492351194,1034090.71875,33.955,-9.32243949131683,1315508.4,0.155081216255137,0.297718264399713
"TRV02","TRV","2025-07-17","2025-06-30",6.51,2.89,79.8343,3.62,"pre-market",25.17,7.65569062512293,1262780.74193548,26.45,-5.66227064220184,1211910.58823529,0.355865720019933,0.400055774743185
"TRV03","TRV","2025-04-16","2025-03-31",1.91,1.14,148.0519,0.77,"pre-market",36.305,2.99384100827997,1550784.64705882,30.02,-8.10721254740253,1173115.75757576,NA,0.324979313056319
"TRV04","TRV","2025-01-22","2024-12-31",9.15,2.55,38.6364,6.6,"pre-market",35.3699,7.58845629825357,1336766.83870968,26.125,-0.408665291223616,1253155.57575758,0.155081216255137,0.275307789720075
"TRV05","TRV","2024-10-17","2024-09-30",5.24,1.65,45.961,3.59,"pre-market",21.265,-3.89310034690993,1169357.3125,27.18,-1.20967741935484,1197884.08823529,0.187586005111161,0.339572180289572
"TRV06","TRV","2024-07-19","2024-06-30",2.51,0.53,26.7677,1.98,"pre-market",15.68,0.0753544011679916,1306343.87096774,33.38,-11.4950452391211,1161530.23529412,0.200167324229554,0.30186479653648
"TRV07","TRV","2024-04-17","2024-03-31",4.69,-0.21,-4.2857,4.9,"pre-market",15.77,0.543773790103312,1145467.6969697,13.83,2.4774020756612,1116990.72727273,0.14861226038576,0.0901859310496167
"TRV08","TRV","2024-01-19","2023-12-31",7.01,1.92,37.721,5.09,"pre-market",18.8,-7.80460415496912,1483208.6,14.85,-2.1280490595396,1547380.73529412,0.301393911409592,0.273684836127404
"TRV09","TRV","2023-10-18","2023-09-30",1.95,-1.06,-35.2159,3.01,"pre-market",11.09,-0.432152117545369,1151593.78787879,28.2199,-12.8585504707686,1413367.15151515,0.119613965629957,0.276404997782725
"TRV10","TRV","2023-07-20","2023-06-30",0.06,-2.02,-97.1154,2.08,"pre-market",13.22,0.528660528660537,1301784.03225806,17.31,8.60976518822215,1119816.73529412,0,-0.0474999657122481
"TRV11","TRV","2023-04-19","2023-03-31",3.21,-0.34,-9.5775,3.55,"pre-market",24.77,6.97486275642877,1584344.75757576,17.53,2.50057221332113,1113209.60606061,0.119613965629957,0
"TRV12","TRV","2023-01-24","2022-12-31",3.4,0,0,3.4,"pre-market",13.3,1.5403807560883,1207572.15625,27.86,13.09766327142,1424475.27272727,0.108111567773171,-0.125634894873753
"TRV13","TRV","2022-10-19","2022-09-30",2.2,0.64,41.0256,1.56,"pre-market",17.123,-1.60717510383434,1291555.60606061,17.06,-4.30084632990899,1421305.48484848,0.106744629395118,0.165742421263892
"TRV14","TRV","2022-07-21","2022-06-30",2.57,0.6,30.4569,1.97,"pre-market",23.42,12.1937249411315,1153766.03225806,22.66,-2.97774273758263,1149353.94117647,0.106744629395118,0.28535638689385
"TRV15","TRV","2022-04-19","2022-03-31",4.22,0.61,16.8975,3.61,"pre-market",21.37,-6.50742695467652,1333245.32352941,13.65,-2.50070402703464,1291340.96969697,NA,0.165742421263892
"UNH01","UNH","2025-10-28","2025-09-30",2.92,0.11,3.9146,2.81,"pre-market",62.4199,-11.3789191133741,10674453.9714286,41.75,4.40151607776011,8062121,-0.00644152566781109,0.31666339028148
"UNH02","UNH","2025-07-29","2025-06-30",4.08,-0.37,-8.3146,4.45,"pre-market",48.33,7.89679715302491,12788209.4848485,127.71,-29.5892682637922,18402347.6363636,0.0276359280780115,0.203052067094273
"UNH03","UNH","2025-04-17","2025-03-31",7.2,-0.09,-1.2346,7.29,"pre-market",148.16,-21.2813285335869,5350977.6969697,204.6199,43.0979376240622,22652313.8823529,0.274836904593187,0.0150546089596182
"UNH04","UNH","2025-01-16","2024-12-31",6.81,0.07,1.0386,6.74,"pre-market",147.01,15.5210390399514,5980712.27586207,115.41,8.50712026951616,4974696.18181818,0.208387241298912,0.203052067094273
"UNH05","UNH","2024-10-15","2024-09-30",6.51,-0.09,-1.3636,6.6,"pre-market",41.9400000000001,-1.56917970125233,2742247.05882353,76.33,-6.77719223593335,3133475.24242424,0.208387241298912,0.291697335155918
"UNH06","UNH","2024-07-16","2024-06-30",6.8,0.17,2.5641,6.63,"pre-market",41.3000000000001,-0.63915410715695,4451137.78125,55.1298,-5.77833333333333,2973527.96969697,0.300452141155817,0.38107407525933
"UNH07","UNH","2024-04-16","2024-03-31",6.91,0.29,4.3807,6.62,"pre-market",96.4299999999999,19.3000783494385,4667963.41176471,54.89,-1.48810693925693,3405749.12121212,0.230495983761321,0.380927780850976
"UNH08","UNH","2024-01-12","2023-12-31",6.16,0.17,2.8381,5.99,"pre-market",38.83,1.42751205042641,3156168.96666667,55.5599999999999,6.0745372073066,4424059.09090909,0.241669219199312,0.349977370083708
"UNH09","UNH","2023-10-13","2023-09-30",6.56,0.21,3.3071,6.35,"pre-market",54.75,-6.34174421951453,2912810.78125,34.62,-2.25100832091857,2660838.70588235,0.349977370083708,0.285712979514211
"UNH10","UNH","2023-07-14","2023-06-30",6.14,0.16,2.6756,5.98,"pre-market",57.22,3.84782608695652,4176324.43333333,42.5,1.06054279749478,2771456.91428571,0.274836904593187,0.349977370083708
"UNH11","UNH","2023-04-14","2023-03-31",6.26,0.18,2.9605,6.08,"pre-market",57.8,-3.74307472445724,3236958.84375,37.046,2.71341463414635,2709778.91176471,0.225311675665297,0.300452141155817
"UNH12","UNH","2023-01-13","2022-12-31",5.34,0.17,3.2882,5.17,"pre-market",65.4599,9.18137324587234,3119764.26666667,41.61,1.49391136962798,3626497.06060606,0.177436830531643,0.331402551923086
"UNH13","UNH","2022-10-14","2022-09-30",5.79,0.35,6.4338,5.44,"pre-market",48.1700000000001,7.11431962025317,2535568.71875,57.3276,-2.05506446709083,3293436,0.225311675665297,0.24582032303634
"UNH14","UNH","2022-07-15","2022-06-30",5.57,0.36,6.9098,5.21,"pre-market",78.6691,-2.4530940449831,3671958.46666667,41.9899,-1.9353498734942,2228554.82857143,0.127911601603752,0.0636472110342558
"UNH15","UNH","2022-04-14","2022-03-31",5.49,0.14,2.6168,5.35,"pre-market",103.235,-14.7272727272727,3219113.51515152,85.03,9.3686646325231,2985987.20588235,-0.0415933289749791,0.252577296022164
"V01","V","2025-10-28","2025-09-30",2.98,0.01,0.3367,2.97,"post-market",21.53,-1.69442848937392,5907028.25714286,26.2599,2.34276446206524,6395396,0.300452141155817,0.236187750586321
"V02","V","2025-07-29","2025-06-30",2.98,0.13,4.5614,2.85,"post-market",40.59,3.57627118644068,6856282.87878788,24.725,-0.173560040007053,5599669.15151515,0.236187750586321,0.275307789720075
"V03","V","2025-04-29","2025-03-31",2.76,0.08,2.9851,2.68,"post-market",52.86,2.00740829250807,7611966.52941176,37.47,-2.86432862931396,5872034.57575758,0.0945976218015242,0.236187750586321
"V04","V","2025-01-30","2024-12-31",2.75,0.0889,3.3407,2.6611,"post-market",27.245,-4.33815011279799,6168221.34482759,40.1592,2.50466846489018,7102553.79411765,0.306258200487343,0.203052067094273
"V05","V","2024-10-29","2024-09-30",2.65,0.08,3.1128,2.57,"post-market",24.84,0.566901408450709,6816316.34285714,34.425,-8.71585557299843,5803274.66666667,0.127911601603752,0.339572180289572
"V06","V","2024-07-23","2024-06-30",2.42,0,0,2.42,"post-market",21.88,0.0221959159514658,8558917.15151515,32.46,-8.96779173391341,8078626.66666667,0.127911601603752,0.138787676524776
"V07","V","2024-04-23","2024-03-31",2.51,0.07,2.8689,2.44,"post-market",22.67,3.3373853464471,6445504.55882353,15.88,-0.812949380351917,7017685.3030303,0.127911601603752,0.313956943726941
"V08","V","2024-01-25","2023-12-31",2.41,0.07,2.9915,2.34,"post-market",17.65,-5.17935714818406,5507335.36666667,22.3305,-3.48792100158702,5423637.29411765,0.275307789720075,0.275307789720075
"V09","V","2023-10-24","2023-09-30",2.33,0.09,4.0179,2.24,"post-market",22.28,4.78793832486226,5730899.23529412,34.45,-11.5300019293845,5716363.57575758,0.339572180289572,0.158862012371021
"V10","V","2023-07-25","2023-06-30",2.16,0.04,1.8868,2.12,"post-market",24.35,-5.41002752982398,6618829.78787879,16.35,-4.61258345134534,4399939.48484848,0.283527706789432,0.339572180289572
"V11","V","2023-04-25","2023-03-31",2.09,0.1,5.0251,1.99,"post-market",26.808,-3.51063829787234,6699233.70588235,18.67,4.01805667292392,6330006.03030303,0.37052259105684,0.225311675665297
"V12","V","2023-01-26","2022-12-31",2.18,0.17,8.4577,2.01,"post-market",22.86,-6.02785565704983,6070701.7,25.54,6.62260901940708,6161374.11764706,0.273122516995296,0.283527706789432
"V13","V","2022-10-25","2022-09-30",1.93,0.06,3.2086,1.87,"post-market",32.59,6.91065662002151,6869809.55882353,26.655,-1.64904862579281,7626196.15151515,0.0939667271655001,0.0636472110342558
"V14","V","2022-07-26","2022-06-30",1.98,0.23,13.1429,1.75,"post-market",32.16,-2.28972605882623,5767194.45454545,21.21,6.05500000000001,5391392.63636364,0.256262086432565,0.169738087292045
"V15","V","2022-04-26","2022-03-31",1.79,0.14,8.4848,1.65,"post-market",42.57,-11.8109507954125,7443591.94117647,31.2508,8.75089294826003,7188456.75757576,0.283527706789432,0.191997695863068
"VZ01","VZ","2025-10-29","2025-09-30",1.17,0,0,1.17,"pre-market",6.02,12.8902707604612,24428159.4117647,2.895,-3.6376953125,26344874.85,0.300452141155817,0.300452141155817
"VZ02","VZ","2025-07-21","2025-06-30",1.22,0.03,2.521,1.19,"pre-market",3.5699,6.80552191813999,17636161.15625,3.6,-0.645756457564578,16661264.6969697,0.225311675665297,0.300452141155817
"VZ03","VZ","2025-04-22","2025-03-31",1.15,0.02,1.7699,1.13,"pre-market",6.48,0.251371115173673,28855257,3.20999999999999,-5.15953835709437,15233212.0909091,0.19629509410845,0.236187750586321
"VZ04","VZ","2025-01-24","2024-12-31",1.1,0,0,1.1,"pre-market",5.515,10.7496095783446,20054212.3103448,8.214,-5.83873957367932,25441446.7941176,0.322858044135194,0.236187750586321
"VZ05","VZ","2024-10-22","2024-09-30",1.19,0.01,0.8475,1.18,"pre-market",4.46,-2.05338809034907,18731127.9411765,4.6558,-1.9198862289642,17055360.5151515,0.225311675665297,0.300452141155817
"VZ06","VZ","2024-07-22","2024-06-30",1.15,0,0,1.15,"pre-market",3.57,-2.19570405727924,16508404.6875,4.0499,-6.6370647347511,17450699.7878788,0.117661849618492,0.225311675665297
"VZ07","VZ","2024-04-22","2024-03-31",1.15,0.03,2.6786,1.12,"pre-market",4.28,1.15432873274781,18082352.6666667,2.97,-2.65574584264085,15828971.969697,0.225311675665297,0.42455551644212
"VZ08","VZ","2024-01-23","2023-12-31",1.08,0,0,1.08,"pre-market",3.91,-2.63629383158434,22058791.0625,3.948,5.23703152146935,17435361.3333333,0.127911601603752,0.300452141155817
"VZ09","VZ","2023-10-24","2023-09-30",1.22,0.04,3.3898,1.18,"pre-market",4.935,8.64745011086474,22221843.8529412,5.54,-9.81661272923409,20422393.7575758,0.322858044135194,0.300452141155817
"VZ10","VZ","2023-07-25","2023-06-30",1.21,0.04,3.4188,1.17,"pre-market",6.43,2.83497463443749,26517190.0909091,2.965,-0.787172011661796,20671188.3636364,0.0939667271655001,0.300452141155817
"VZ11","VZ","2023-04-25","2023-03-31",1.2,0.01,0.8403,1.19,"pre-market",4.085,1.92359070264493,19676336.2352941,5.46,8.98119562166712,20306573.5454545,0.203052067094273,0.203052067094273
"VZ12","VZ","2023-01-24","2022-12-31",1.19,0,0,1.19,"pre-market",6.003,-7.41758241758242,25740570.9375,5.61,10.7658762605615,18464550.9090909,0.203052067094273,0.300452141155817
"VZ13","VZ","2022-10-21","2022-09-30",1.32,0.03,2.3256,1.29,"pre-market",7.81,13.8616557734205,23821846.9375,3.7885,-3.33243751679657,21879628.9117647,0.22545797007365,0.300452141155817
"VZ14","VZ","2022-07-22","2022-06-30",1.31,-0.02,-1.5038,1.33,"pre-market",4.17,0.450450450450444,18028913.6774194,5.79,7.38963531669865,19765930.7941176,0.225311675665297,-0.00396823582658627
"VZ15","VZ","2022-04-22","2022-03-31",1.35,0.03,2.2727,1.32,"pre-market",4.59,1.67410714285714,26287829.65625,6.4111,-0.730503455083904,22645470.1764706,0.203052067094273,0.300598435564171
"WMT01","WMT","2025-11-20","2025-10-31",0.62,0.02,3.3333,0.6,"pre-market",10.695,1.75648702594809,15241273.7272727,7.99499999999999,-5.83657587548638,21498971.6,0.300452141155817,0.331402551923086
"WMT02","WMT","2025-08-21","2025-07-31",0.68,-0.06,-8.1081,0.74,"pre-market",10.49,-3.00109311338567,14105918.0625,10.69,-5.85987261146497,15876022.1764706,0.203052067094273,0.203052067094273
"WMT03","WMT","2025-05-15","2025-04-30",0.61,0.03,5.1724,0.58,"pre-market",19.93,-11.9276485788114,21584515.1875,7.45999999999999,0.429887410440125,16579762.53125,0.300452141155817,0.203052067094273
"WMT04","WMT","2025-02-20","2025-01-31",0.66,0.01,1.5385,0.65,"pre-market",15.78,-14.5299145299145,14937006.4666667,19.68,3.29730921923246,26815897.2,0.203052067094273,0.300452141155817
"WMT05","WMT","2024-11-19","2024-10-31",0.58,0.05,9.434,0.53,"pre-market",6.81,-4.47178516503017,12706767.2,7.27000000000001,-0.735374821644168,17358863.516129,0.300452141155817,0.0636472110342558
"WMT06","WMT","2024-08-15","2024-07-31",0.67,0.02,3.0769,0.65,"pre-market",4.66,0.648489314664719,14225139.375,8.25999999999999,-7.90755777638975,16216949.7058824,0.234002477861542,0.300452141155817
"WMT07","WMT","2024-05-16","2024-04-30",0.6,0.08,15.3846,0.52,"pre-market",2.495,0.513160072835627,13950337.78125,6.28000000000001,-5.83920187793426,14847970.03125,0.203052067094273,0.234002477861542
"WMT08","WMT","2024-02-20","2024-01-31",1.8,0.16,9.7561,1.64,"pre-market",16.33,-6.4595689705796,6022603.45454545,119.47,194.464944649446,17102234.3030303,0.220397097884674,0.203052067094273
"WMT09","WMT","2023-11-16","2023-10-31",1.53,0.02,1.3245,1.51,"pre-market",14.96,-1.71984199331511,5175316.39393939,10.76,-1.65906788247212,8635867.3125,0.19629509410845,0.138787676524776
"WMT10","WMT","2023-08-17","2023-07-31",1.84,0.15,8.8757,1.69,"pre-market",8.96000000000001,-3.25132357521021,4702736.0625,14.1999,-0.718562874251506,5452127.73529412,0.234002477861542,0.331402551923086
"WMT11","WMT","2023-05-18","2023-04-30",1.47,0.17,13.0769,1.3,"pre-market",10.9,-6.10026041666667,5264610.53125,14.11,-4.63384891855465,6090748.78125,0.300452141155817,0.273122516995296
"WMT12","WMT","2023-02-21","2023-01-31",1.71,0.19,12.5,1.52,"pre-market",9.69000000000003,-1.04058989731929,5363935.57575758,15.03,-4.88684157820949,7135314.84848485,0.1610472850958,0.236187750586321
"WMT13","WMT","2022-11-15","2022-10-31",1.5,0.18,13.6364,1.32,"pre-market",16.005,-7.96243078432746,5526693.97142857,13.83,4.74829173058151,6003487.03225806,0.17067985754582,0.389097409217462
"WMT14","WMT","2022-08-16","2022-07-31",0.59,0,0,0.59,"pre-market",14.34,-4.52307692307692,8054449.5,10.8,2.43720095693781,6405841.03030303,0.0733209287866251,0.203052067094273
"WMT15","WMT","2022-05-17","2022-04-30",0.4333,0.0033,0.7674,0.43,"pre-market",17.47,-1.15767382032361,7453459.23529412,12.63,-4.24164524421594,8762623.70967742,0.156132707315178,0.149307158825439
