"earnings_id","symbol","reportedDate","fiscalDateEnding","reportedEPS","surprise","surprisePercentage","estimatedEPS","reportTime","price_range_prior","price_change_prior","avg_volume_prior","price_range_post","price_change_post","avg_volume_post"
"MMM01","MMM",2025-10-21,2025-09-30,2.19,0.12,5.7971,"2.07","pre-market",13.645,0.109954078002708,2799303.09677419,20.05,8.10126582278482,3360383.07407407
"MMM02","MMM",2025-07-18,2025-06-30,2.16,0.15,7.4627,"2.01","pre-market",17.9,8.70070398469004,3019177.29032258,19.9,-4.31278454534268,3668599.93548387
"MMM03","MMM",2025-04-22,2025-03-31,1.88,0.11,6.2147,"1.77","pre-market",33.0229,-12.1140308078344,4533202.23333333,24.37,9.16457215740706,3163540.21212121
"MMM04","MMM",2025-01-21,2024-12-31,1.68,0.14,9.0909,"1.54","pre-market",16.29,5.95792637114952,3396342.62962963,15.57,0.549828178694166,4379931.90909091
"MMM05","MMM",2024-10-22,2024-09-30,1.98,0.08,4.2105,"1.9","pre-market",13.6,4.21207203029602,3325555.16129032,16.84,-5.05028889364433,3623470.3030303
"MMM06","MMM",2024-07-26,2024-06-30,1.93,0.25,14.881,"1.68","pre-market",7.25999999999999,3.28671328671329,3534458.80645161,22.305,13.9992013133958,4946519.41935484
"MMM07","MMM",2024-04-30,2024-03-31,2.39,0.28,13.2701,"2.11","pre-market",20.96,-11.8339232756147,4801240.53333333,12.26,5.40060587067795,5371046.27272727
"MMM08","MMM",2024-01-23,2023-12-31,2.42,0.11,4.7619,"2.31","pre-market",10.95,4.16586306653808,3339388.5,10.3835,-6.90065437239738,4887985.54545455
"MMM09","MMM",2023-10-24,2023-09-30,2.68,0.33,14.0426,"2.35","pre-market",23.455,-20,3782760.25806452,17.94,14.7153479081123,3388585.75757576
"MMM10","MMM",2023-07-25,2023-06-30,2.17,0.41,23.2955,"1.76","pre-market",10.0341,3.9063278525162,3613883.82758621,15.44,-1.21803812180381,3648268.03030303
"MMM11","MMM",2023-04-25,2023-03-31,1.97,0.37,23.125,"1.6","pre-market",7.1425,1.34079290054982,3515364.33333333,14.92,-5.46934140802422,3667452.90909091
"MMM12","MMM",2023-01-24,2022-12-31,2.28,-0.09,-3.7975,"2.37","pre-market",13.26,-2.74428934010152,2957978.96428571,17.11,-10.3240261978628,3761404.66666667
"MMM13","MMM",2022-10-25,2022-09-30,2.69,0.1,3.861,"2.59","pre-market",19.45,-4.77799227799228,4179498.32258065,20.76,10.7920007047837,2768254.66666667
"MMM14","MMM",2022-07-26,2022-06-30,2.48,0.04,1.6393,"2.44","pre-market",12.75,-1.90887149857382,2996233.86206897,36.32,-14.2220054351613,14875087.2424242
"MMM15","MMM",2022-04-26,2022-03-31,2.65,0.33,14.2241,"2.32","post-market",11.81,5.05478967833157,2906268.26666667,17.08,-5.33663434426793,2901146.39393939
"AXP01","AXP",2025-10-17,2025-09-30,4.14,0.14,3.5,"4","pre-market",33.24,-1.0836955856242,2638480.03030303,46.23,9.55231963415368,2654987.48275862
"AXP02","AXP",2025-07-18,2025-06-30,4.08,0.2,5.1546,"3.88","pre-market",42.99,6.8258807588076,2729076.32258065,43.72,6.2271532097736,2432162.96774194
"AXP03","AXP",2025-04-17,2025-03-31,3.64,0.17,4.8991,"3.47","pre-market",83.035,-16.0932886573997,4113106.18181818,64.35,16.2482704091718,2814535.2
"AXP04","AXP",2025-01-24,2024-12-31,3.04,0.01,0.33,"3.03","pre-market",39.845,9.56191372759977,2472269.20689655,67.02,-19.4451294697904,2682272.12903226
"AXP05","AXP",2024-10-18,2024-09-30,3.49,0.2,6.079,"3.29","pre-market",45.77,11.7331977948938,2607793.12121212,41.475,9.19797687861271,2751116.06451613
"AXP06","AXP",2024-07-19,2024-06-30,4.15,0.89,27.3006,"3.26","pre-market",32.988,5.41901095647024,2740732.77419355,39.72,6.96856906534324,2785597.32258065
"AXP07","AXP",2024-04-19,2024-03-31,3.33,0.35,11.745,"2.98","pre-market",17.1752,0.0275938189845485,2621577.5625,25.5738,8.24346554560409,3095360.96774194
"AXP08","AXP",2024-01-26,2023-12-31,2.62,-0.03,-1.1321,"2.65","pre-market",21.74,11.6871548191698,3038469.26666667,32.635,14.360652331983,3535280.67741935
"AXP09","AXP",2023-10-20,2023-09-30,3.3,0.36,12.2449,"2.94","pre-market",20.02,-6.55174567484855,3026767.90909091,34.4,19.7304768486524,3045697.4516129
"AXP10","AXP",2023-07-21,2023-06-30,2.89,0.07,2.4823,"2.82","pre-market",13.562,5.51683050342569,2688243.74193548,16.0106,-7.28930708021141,2773584.32258065
"AXP11","AXP",2023-04-20,2023-03-31,2.4,-0.27,-10.1124,"2.67","pre-market",25.615,-7.62208781362008,3642805.125,23.575,6.0125786163522,3297077.77419355
"AXP12","AXP",2023-01-27,2022-12-31,2.07,-0.17,-7.5893,"2.24","pre-market",18.83,-2.95106462457976,2834009.66666667,24.73,-5.49760191846524,3764628.80645161
"AXP13","AXP",2022-10-21,2022-09-30,2.47,0.06,2.4896,"2.41","post-market",32.8,-5.05333333333334,3190202.87878788,27.235,10.7028867295553,3212591.35483871
"AXP14","AXP",2022-07-22,2022-06-30,2.57,0.16,6.639,"2.41","pre-market",35.3626,-8.78279883381923,3855571.70967742,18.79,-5.79837746053707,2824862.80645161
"AXP15","AXP",2022-04-22,2022-03-31,2.73,0.26,10.5263,"2.47","pre-market",38.63,15.711437827062,3684244.96875,35.84,-9.92827482068705,3141296.64516129
"AMGN01","AMGN",2025-10-29,2025-09-30,5.64,0.62,12.3506,"5.02","post-market",34.08,5.80287608215307,2431862.375,57.84,18.1004935563477,3080380.71428571
"AMGN02","AMGN",2025-08-05,2025-06-30,6.02,0.74,14.0152,"5.28","post-market",43.45,4.09032146858571,2241548.36666667,30.49,-5.09427060818674,2338067.72727273
"AMGN03","AMGN",2025-05-01,2025-03-31,4.9,0.64,15.0235,"4.26","post-market",51.91,-7.53877447241291,3107212.125,38.06,2.84977703455965,2864430.64516129
"AMGN04","AMGN",2025-02-04,2024-12-31,5.31,0.23,4.5276,"5.08","post-market",32.53,9.79058188590323,2930036.85185185,51.36,10.6660130261223,3282913.57575758
"AMGN05","AMGN",2024-10-30,2024-09-30,5.58,0.47,9.1977,"5.11","post-market",27.01,-5.90757503573129,1904882.875,70.45,-13.2489180958487,3932106.5625
"AMGN06","AMGN",2024-08-06,2024-06-30,4.97,-0.04,-0.7984,"5.01","post-market",40.74,4.90967741935485,2080948.06666667,32.41,3.73581772899178,1898713.84848485
"AMGN07","AMGN",2024-05-02,2024-03-31,3.96,0.09,2.3256,"3.87","post-market",27.885,2.72962962962963,2358073.0625,47.7,7.53718174943282,2610502.5483871
"AMGN08","AMGN",2024-02-06,2023-12-31,4.71,0.1,2.1692,"4.61","post-market",48.05,13.3218358440096,2414007.42857143,58.79,-15.1290719114935,3431006.09090909
"AMGN09","AMGN",2023-10-31,2023-09-30,4.96,0.29,6.2099,"4.67","pre-market",28.79,-0.0721391145872875,2531339.09677419,33.0299,7.64390949236,2527084.12121212
"AMGN10","AMGN",2023-08-03,2023-06-30,5,0.51,11.3586,"4.49","post-market",20.04,0.602541151814171,2550692.32258065,40.03,12.9684995017115,2496559.64516129
"AMGN11","AMGN",2023-04-27,2023-03-31,3.98,0.13,3.3766,"3.85","post-market",27.92,3.29613288346743,2314985.875,29.5899,-8.56044139775958,2418384.58064516
"AMGN12","AMGN",2023-01-31,2022-12-31,4.09,-0.01,-0.2439,"4.1","post-market",26.24,-5.70796791844689,1993906.53571429,28.46,-9.48160403371938,2823647
"AMGN13","AMGN",2022-11-03,2022-09-30,4.7,0.26,5.8559,"4.44","post-market",51.58,16.6363163371488,2512316.66666667,36.8278,-0.417085614270267,3248171.61290323
"AMGN14","AMGN",2022-08-04,2022-06-30,4.65,0.25,5.6818,"4.4","post-market",19.835,4.34892754602262,2728867.93548387,28.3,-6.42105263157895,2810801.4516129
"AMGN15","AMGN",2022-04-27,2022-03-31,4.25,0.16,3.912,"4.09","post-market",30.345,8.13138307079799,2794949.77419355,30.65,-3.62592354641825,3293233.09375
"AMZN01","AMZN",2025-10-30,2025-09-30,1.95,0.41,26.6234,"1.54","post-market",24.87,-0.140921409214087,46404002.6969697,43.42,0.924865674271115,57452544.45
"AMZN02","AMZN",2025-07-31,2025-06-30,1.68,0.35,26.3158,"1.33","post-market",28.6899,8.42164759078705,41057181.8387097,27.43,-3.2319633541163,43266729.1290323
"AMZN03","AMZN",2025-05-01,2025-03-31,1.59,0.23,16.9118,"1.36","post-market",44.83,-7.21939930573025,55889747.6875,34.55,11.2626554057598,41517947.7741935
"AMZN04","AMZN",2025-02-06,2024-12-31,1.86,0.3763,25.3623,"1.4837","pre-market",26.32,4.95977956535265,30973132.4827586,50.2799,-17.562287298853,45000685.0322581
"AMZN05","AMZN",2024-10-31,2024-09-30,1.43,0.29,25.4386,"1.14","post-market",15.36,4.0153273247342,33525101.5151515,45.97,19.3953073329484,43782711.9032258
"AMZN06","AMZN",2024-08-01,2024-06-30,1.26,0.23,22.3301,"1.03","post-market",24.4,2.4435678281832,44225090.8387097,38.99,-1.47660934569564,41552090.7419355
"AMZN07","AMZN",2024-04-30,2024-03-31,0.98,0.16,19.5122,"0.82","post-market",23.45,2.93515358361775,36627730.6,17.83,1.41918383124413,39314990.4545455
"AMZN08","AMZN",2024-02-01,2023-12-31,1,0.2,25,"0.8","post-market",17.68,3.0818278427205,43248590.2666667,24.52,11.9009430936036,47279402.5483871
"AMZN09","AMZN",2023-10-26,2023-09-30,0.94,0.36,62.069,"0.58","post-market",25.07,-12.5117117117117,54095381.6969697,30.91,22.2084058691868,53058511.5806452
"AMZN10","AMZN",2023-08-03,2023-06-30,0.65,0.3,85.7143,"0.35","post-market",12.8,2.59262222933505,54123422.7419355,19.45,10.1270787574521,53460973.4193548
"AMZN11","AMZN",2023-04-27,2023-03-31,0.31,0.1,47.619,"0.21","post-market",21.11,16.6833388907414,57972552.34375,26.25,14.1179733727811,68748006.2258064
"AMZN12","AMZN",2023-02-02,2022-12-31,0.25,0.07,38.8889,"0.18","post-market",24.81,20.1576962632842,73105669.6666667,25.88,-10.2453626014785,67594876.8064516
"AMZN13","AMZN",2022-10-27,2022-09-30,0.17,-0.05,-22.7273,"0.22","post-market",31.145,-13.747716171371,58136600.1515151,28.25,-21.7959971910112,96259914.8709677
"AMZN14","AMZN",2022-07-28,2022-06-30,0.18,0.04,28.5714,"0.14","post-market",24.07,16.1051924368941,68043795.3548387,28.49,9.62408488936417,54855780.4516129
"AMZN15","AMZN",2022-04-28,2022-03-31,0.37,-0.05,-11.9048,"0.42","post-market",700.96,-5.35275138545426,3141827.1875,2809.7,-96.1439181870613,18950817.9032258
"AAPL01","AAPL",2025-10-30,2025-09-30,1.85,0.09,5.1136,"1.76","post-market",36.38,13.7974683544304,51179237.2727273,15.06,2.04419280120593,50613016.05
"AAPL02","AAPL",2025-07-31,2025-06-30,1.57,0.14,9.7902,"1.43","post-market",21.16,5.95539787126204,51246033.3225806,39.82,12.2691735814667,58586060
"AAPL03","AAPL",2025-05-01,2025-03-31,1.65,0.03,1.8519,"1.62","post-market",56.4099,-0.37972903286297,67210589.84375,21.31,-6.04074995217143,55064656
"AAPL04","AAPL",2025-01-30,2024-12-31,2.4,0.06,2.5641,"2.34","post-market",40.72,-3.47997903141255,55879689.1034483,41.58,-10.5482580185616,51300521.6129032
"AAPL05","AAPL",2024-10-31,2024-09-30,0.97,0.02,2.1053,"0.95","post-market",23.57,6.26212247159878,50974716.4545455,31.09,8.19307578268073,43774194.3870968
"AAPL06","AAPL",2024-08-01,2024-06-30,1.4,0.06,4.4776,"1.34","post-market",30.64,4.08211088719127,64368652.2580645,36.92,-0.833444756429115,49638117.6774194
"AAPL07","AAPL",2024-05-02,2024-03-31,1.53,0.03,2,"1.5","post-market",14.595,-3.57122515236087,59062515.25,49.31,23.1754680888065,69933437.8064516
"AAPL08","AAPL",2024-02-01,2023-12-31,2.18,0.07,3.3175,"2.11","post-market",17.51,-5.96154826865215,52418031.8666667,22.56,-6.17713400548958,64299523.2903226
"AAPL09","AAPL",2023-11-02,2023-09-30,1.46,0.07,5.036,"1.39","post-market",16.67,-1.42225747960108,54939845.0909091,26.27,12.5626709206928,55475562.1935484
"AAPL10","AAPL",2023-08-03,2023-06-30,1.26,0.07,5.8824,"1.19","post-market",15.6399,4.43034542595305,50558493.8709677,20.41,-8.64435976405492,64283425.5483871
"AAPL11","AAPL",2023-05-04,2023-03-31,1.52,0.09,6.2937,"1.43","post-market",16.77,7.98349132649771,54741089.75,22.68,12.1474922675723,61987332.6451613
"AAPL12","AAPL",2023-02-02,2022-12-31,1.88,-0.07,-3.5897,"1.95","post-market",23.06,7.63822070905188,73770697.5,13.48,4.09670920080591,68773957.1290323
"AAPL13","AAPL",2022-10-27,2022-09-30,1.29,0.02,1.5748,"1.27","post-market",29.89,-6.41644213296573,94409883.9090909,23.12,-3.99135543999459,83065543.3548387
"AAPL14","AAPL",2022-07-28,2022-06-30,1.2,0.05,4.3478,"1.15","post-market",28.29,18.0025588921502,78190184.2903226,23.47,0.248439291629516,69607698.5806452
"AAPL15","AAPL",2022-04-28,2022-03-31,1.52,0.09,6.2937,"1.43","post-market",29.51,3.38065368108287,85886860.34375,33.87,-13.8901098901099,104899073.774194
"BA01","BA",2025-10-29,2025-09-30,-7.47,-5.09,-213.8655,"-2.38","pre-market",15.53,3.27398843930636,7633347.40625,45.125,-15.5493314058547,9753366.85714286
"BA02","BA",2025-07-29,2025-06-30,-1.24,0.03,2.3622,"-1.27","pre-market",39.83,17.8690731415466,7386210.4137931,26.9899,-9.83716075156576,6929664.60606061
"BA03","BA",2025-04-23,2025-03-31,-0.49,0.81,62.3077,"-1.3","pre-market",55.5199,8.32500166633341,10031399.8064516,46.8,21.1494252873563,8283236.875
"BA04","BA",2025-01-28,2024-12-31,-5.9,-2.12,-56.0847,"-3.78","pre-market",17.95,4.20608007614968,9648113.44444444,43.21,-10.7550603938007,7816783.3030303
"BA05","BA",2024-10-23,2024-09-30,-10.44,-1.72,-19.7248,"-8.72","pre-market",18.53,-1.49106592729514,9135147.3125,24.4425,-3.79375,15993023.4375
"BA06","BA",2024-07-31,2024-06-30,-2.9,-0.89,-44.2786,"-2.01","pre-market",19.455,5.71994342291373,5831575.1,41.35,-17.4373288392669,7091789.78125
"BA07","BA",2024-04-24,2024-03-31,-1.13,0.63,35.7955,"-1.76","post-market",28.65,-12.8881108078884,8256241.16129032,32.4,7.78470254957508,7078115.375
"BA08","BA",2024-01-31,2023-12-31,-0.47,0.32,40.5063,"-0.79","pre-market",69.22,-23.0940413613168,11746427.3448276,34.1124,-10.926215108335,8097860.96875
"BA09","BA",2023-10-25,2023-09-30,-3.26,-0.65,-24.9042,"-2.61","pre-market",35.77,-14.689371257485,5082909.71875,68.45,31.5591397849462,5907928.5
"BA10","BA",2023-07-26,2023-06-30,-0.82,0.07,7.8652,"-0.89","pre-market",21.36,-1.39988948240928,5246313.5,32.59,-4.9018725243068,5444874.15625
"BA11","BA",2023-04-26,2023-03-31,-1.27,-0.22,-20.9524,"-1.05","pre-market",26.16,0.994005994005999,6026483.93548387,26.73,4.35054021608644,5140852.75
"BA12","BA",2023-01-25,2022-12-31,-1.75,-1.95,-975,"0.2","pre-market",36.14,17.2455752212389,6806228.65517241,23.97,-1.32653061224491,5891323.9375
"BA13","BA",2022-10-26,2022-09-30,-6.18,-6.27,-6966.6667,"0.09","pre-market",39.98,-7.4529849804367,7094359.84375,56.2449,22.0945256715403,8507928.65625
"BA14","BA",2022-07-27,2022-06-30,-0.37,-0.26,-236.3636,"-0.11","pre-market",50.3199,26.7642276422764,10938227.3333333,23.39,-2.23435948361469,6534277.03125
"BA15","BA",2022-04-27,2022-03-31,-2.75,-2.5,-1000,"-0.25","pre-market",30.7299,-5.02615419604276,8432413,44.17,-21.2403100775194,11194860.34375
"CAT01","CAT",2025-10-29,2025-09-30,4.95,0.43,9.5133,"4.52","pre-market",114.3799,20.8929765115368,3120831.8125,59.13,2.74284281056291,2831367.0952381
"CAT02","CAT",2025-08-05,2025-06-30,4.72,-0.18,-3.6735,"4.9","pre-market",83.417,20.4989997777284,2798068.36666667,66.66,9.09388518648429,2947961
"CAT03","CAT",2025-04-30,2025-03-31,4.25,-0.09,-2.0737,"4.34","pre-market",79.97,-9.51904397480427,3248087.61290323,62.115,13.2736905555027,2439710.53125
"CAT04","CAT",2025-01-30,2024-12-31,5.14,0.11,2.1869,"5.03","pre-market",59.79,3.00180737093015,2116946.55172414,62.13,-9.06559571619813,2666042.93548387
"CAT05","CAT",2024-10-30,2024-09-30,5.17,-0.18,-3.3645,"5.35","pre-market",59.31,11.2415673891201,2393171,51.3,1.74064171122994,2096728.3125
"CAT06","CAT",2024-08-06,2024-06-30,5.99,0.45,8.1227,"5.54","pre-market",62.18,-3.81345640029147,2998679.26666667,64.19,17.4398981053972,2335811.33333333
"CAT07","CAT",2024-04-25,2024-03-31,5.6,0.46,8.9494,"5.14","pre-market",50.48,7.86943620178041,2288969.40625,40.7123,-0.453940200944196,2872426.03225806
"CAT08","CAT",2024-02-05,2023-12-31,5.23,0.48,10.1053,"4.75","pre-market",40.43,8.53570321380592,2647601.67857143,54.41,8.86612715382089,2353373.18181818
"CAT09","CAT",2023-10-31,2023-09-30,5.52,0.73,15.2401,"4.79","pre-market",48.7385,-13.2229628036981,2412821.41935484,63.09,25.5172413793103,3611940.09090909
"CAT10","CAT",2023-08-01,2023-06-30,5.55,0.97,21.179,"4.58","pre-market",34.12,9.42516403251764,2501917.17241379,25.08,2.34647112740604,2730779.39393939
"CAT11","CAT",2023-04-27,2023-03-31,4.91,1.12,29.5515,"3.79","pre-market",24.91,-2.87087788660258,3200025.4375,32.32,11.6638160395287,3424445.61290323
"CAT12","CAT",2023-01-31,2022-12-31,3.86,-0.17,-4.2184,"4.03","pre-market",35.11,11.7999144933732,2971102.39285714,45.96,-16.3385214007782,3671254.3030303
"CAT13","CAT",2022-10-27,2022-09-30,3.95,0.78,24.6057,"3.17","pre-market",38.98,3.20146712077549,2985315.81818182,32.48,8.15607899119676,3348719.19354839
"CAT14","CAT",2022-08-02,2022-06-30,3.18,0.16,5.298,"3.02","pre-market",32.41,-1.13647894469811,3072485.65517241,22.6027,-4.53723404255319,2529683.87878788
"CAT15","CAT",2022-04-28,2022-03-31,2.88,0.28,10.7692,"2.6","pre-market",30.6,-1.08183079056866,3151173.875,38.31,3.73870073520549,2923228.58064516
"CVX01","CVX",2025-10-31,2025-09-30,1.85,0.15,8.8235,"1.7","pre-market",12.41,-2.98894154818325,6867767.72727273,11.44,-3.94284796917642,8877898.31578947
"CVX02","CVX",2025-08-01,2025-06-30,1.77,0.03,1.7241,"1.74","pre-market",14.81,2.9254055521618,11759365.1935484,12.04,3.12366842571046,7919164.29032258
"CVX03","CVX",2025-05-02,2025-03-31,2.18,0.03,1.3953,"2.15","pre-market",36.92,-14.698885689245,11007947.53125,13.83,5.91477787851315,8576428.25806452
"CVX04","CVX",2025-01-31,2024-12-31,1.84,-0.1,-5.1546,"1.94","pre-market",21.22,5.62162162162162,8579931.89655172,12.63,3.22580645161291,7733086.67741936
"CVX05","CVX",2024-11-01,2024-09-30,2.51,0.09,3.719,"2.42","pre-market",12.12,4.95063469675598,6964524.12121212,15.43,-2.04616998950681,8006939.77419355
"CVX06","CVX",2024-08-02,2024-06-30,2.55,-0.45,-15,"3","pre-market",12.25,-0.605665906870731,7221581.93548387,16.6728,-5.9816052405214,7515388.16129032
"CVX07","CVX",2024-04-26,2024-03-31,2.93,0.02,0.6873,"2.91","pre-market",14.81,8.8585918461437,7827332.96875,13.72,-5.13829207770985,6945334.80645161
"CVX08","CVX",2024-02-02,2023-12-31,3.45,0.23,7.1429,"3.22","pre-market",14.73,-1.38036809815952,8759819.66666667,9.37,3.01604136285296,8768100.16129032
"CVX09","CVX",2023-10-27,2023-09-30,3.05,-0.63,-17.1196,"3.68","pre-market",18.07,-6.38233514821537,8481926.78787879,10.53,-4.22638004246285,11875165.6451613
"CVX10","CVX",2023-07-23,2023-06-30,3.08,0.1,3.3557,"2.98","post-market",10.64,-0.917832167832167,7580480.76666667,11.34,3.83872374898735,7422505.8125
"CVX11","CVX",2023-04-28,2023-03-31,3.55,0.17,5.0296,"3.38","pre-market",22.97,5.49096423606723,8234739.96875,19.2,-4.35866261398176,7618679.32258064
"CVX12","CVX",2023-01-27,2022-12-31,4.09,-0.21,-4.8837,"4.3","pre-market",20.71,8.19266002189318,7722636.36666667,30.43,-13.85224990501,8837527.06451613
"CVX13","CVX",2022-10-28,2022-09-30,5.56,0.64,13.0081,"4.92","pre-market",40.94,10.2162195650827,9601668.24242424,21.97,-6.45836777428776,8060492
"CVX14","CVX",2022-07-29,2022-06-30,5.82,0.79,15.7058,"5.03","pre-market",39.75,-11.2062348704021,10495862.9032258,17.81,3.8040180139896,8474134.70967742
"CVX15","CVX",2022-04-29,2022-03-31,3.36,-0.09,-2.6087,"3.45","pre-market",23.18,1.68181303970737,11687687.46875,27.25,3.75124007936509,10756985.1290323
"CSCO01","CSCO",2025-11-12,2025-10-31,1,0.02,2.0408,"0.98","post-market",8.02489999999999,5.89972679613083,17867420.15625,8.33500000000001,5.79236492594394,31530583.8181818
"CSCO02","CSCO",2025-08-13,2025-07-31,0.99,0.01,1.0204,"0.98","post-market",6.03,3.69724704002325,19014184.5483871,6.28,-6.45699972168105,20300411.5
"CSCO03","CSCO",2025-05-14,2025-04-30,0.96,0.04,4.3478,"0.92","post-market",10.13,1.89675078344054,23445868.7741935,8.37,11.3905565471361,21756333.5806452
"CSCO04","CSCO",2025-02-12,2025-01-31,0.94,0.03,3.2967,"0.91","post-market",5.08,5.65239465222541,18347155.9655172,7.27,-0.944010416666664,23190200.09375
"CSCO05","CSCO",2024-11-13,2024-10-31,0.91,0.04,4.5977,"0.87","post-market",7.2499,10.7317993210109,15668007.5625,3.88,2.51074806534824,21372862.8387097
"CSCO06","CSCO",2024-08-14,2024-07-31,0.87,0.02,2.3529,"0.85","post-market",4.27,-4.44397641112047,19191318.7419355,8.25,17.4568010633584,18862998.03125
"CSCO07","CSCO",2024-05-15,2024-04-30,0.88,0.06,7.3171,"0.82","post-market",3.6,-2.02161729383506,16452315.71875,5.16,-3.41532831876398,22602821.6774194
"CSCO08","CSCO",2024-02-14,2024-01-31,0.87,0.03,3.5714,"0.84","post-market",3.48,-1.68350168350169,18790811.8,2.89,0.685898729069994,20965068.3548387
"CSCO09","CSCO",2023-11-15,2023-10-31,1.11,0.08,7.767,"1.03","post-market",3.495,-1.2444279346211,15362396.28125,7.23,-5.16238032663788,22507976.516129
"CSCO10","CSCO",2023-08-16,2023-07-31,1.14,0.08,7.5472,"1.06","post-market",4.085,3.87461059190032,17996810.1612903,5.655,1.07163000564016,18487829.25
"CSCO11","CSCO",2023-05-17,2023-04-30,1,0.03,3.0928,"0.97","post-market",7.005,-9.87322320399539,17266083.6774194,6.705,9.73488865323437,20203217.3870968
"CSCO12","CSCO",2023-02-15,2023-01-31,0.88,0.02,2.3256,"0.86","post-market",3.89,-0.33430839949853,16899915,5.02,10.0526315789474,19865195.5625
"CSCO13","CSCO",2022-11-16,2022-10-31,0.86,0.02,2.381,"0.84","post-market",7.605,10.4007868207524,19731870.78125,6.409,6.00801068090788,18821749.4193548
"CSCO14","CSCO",2022-08-17,2022-07-31,0.83,0.01,1.2195,"0.82","post-market",6.19,12.6445086705202,17407887.2580645,10.04,-13.7187230371009,20086533.71875
"CSCO15","CSCO",2022-05-18,2022-04-30,0.87,0.01,1.1628,"0.86","post-market",8.65,-8.76307248467364,20207025.3548387,9.45,-15.5934218347533,29025530.516129
"KO01","KO",2025-10-21,2025-09-30,0.82,0.04,5.1282,"0.78","pre-market",3.28619999999999,0.862132488394361,15841748.0322581,5.53,3.28066321830936,17212418.2222222
"KO02","KO",2025-07-22,2025-06-30,0.87,0.03,3.5714,"0.84","pre-market",3.905,-1.79397337070778,16917360.8965517,4.33499999999999,-2.14542836573075,15036668.5757576
"KO03","KO",2025-04-29,2025-03-31,0.73,0.01,1.3889,"0.72","pre-market",8.33,3.68284228769499,19014438.2,4.90000000000001,-0.23879758393033,14465336.5454545
"KO04","KO",2025-02-11,2024-12-31,0.55,0.03,5.7692,"0.52","pre-market",4.035,3.54507539300609,15103033.7142857,6.81,4.25185185185186,20109587.5151515
"KO05","KO",2024-10-23,2024-09-30,0.77,0.02,2.6667,"0.75","pre-market",4.065,-2.49894707286256,13104970.96875,7.31,-6.65771010598596,17075178.71875
"KO06","KO",2024-07-23,2024-06-30,0.84,0.03,3.7037,"0.81","pre-market",3.86000000000001,1.29809196121364,11551380.9655172,8.69500000000001,8.72688369249579,14554911.2424242
"KO07","KO",2024-04-30,2024-03-31,0.72,0.02,2.8571,"0.7","pre-market",4.66,3.58991484388044,13456526.3666667,3.29,0.659800450595424,10869057.969697
"KO08","KO",2024-02-13,2023-12-31,0.49,0,0,"0.49","pre-market",2.34500000000001,1.53061224489797,13924624.4827586,2.83,2.82352941176471,14358973.15625
"KO09","KO",2023-10-24,2023-09-30,0.74,0.05,7.2464,"0.69","pre-market",7.45,-7.3972602739726,16943963.516129,3.855,5.31895777178796,13814359.2727273
"KO10","KO",2023-07-26,2023-06-30,0.78,0.06,8.3333,"0.72","pre-market",3.97,2.73972602739725,14142607.2333333,5.255,-5.70643388296153,10255475.09375
"KO11","KO",2023-04-24,2023-03-31,0.68,0.03,4.6154,"0.65","pre-market",5.27999999999999,7.28643216080401,12888497.5666667,5.62499999999999,-6.76447876447877,13483483.3636364
"KO12","KO",2023-02-14,2022-12-31,0.45,0,0,"0.45","pre-market",4.84,-4.65701699181875,13310955.9310345,3.88,3.02275369539944,14426735.7575758
"KO13","KO",2022-10-25,2022-09-30,0.69,0.05,7.8125,"0.64","pre-market",8.795,-7.78471888515137,15302411.6129032,6.77,6.94444444444445,13293742.8484848
"KO14","KO",2022-07-26,2022-06-30,0.7,0.03,4.4776,"0.67","pre-market",6.1972,2.37037037037037,15760927.6896552,4.575,-0.685258964143426,10943164.6363636
"KO15","KO",2022-04-25,2022-03-31,0.64,0.06,10.3448,"0.58","pre-market",9.14,12.5776397515528,15459707.7333333,7.54000000000001,-7.76119402985075,20176973.4848485
"DIS01","DIS",2025-11-12,2025-09-30,1.11,0.08,7.767,"1.03","pre-market",7.54899999999999,1.21618048823477,7905102.34375,15.1988,-9.7320415466527,15611349.4545455
"DIS02","DIS",2025-08-06,2025-06-30,1.61,0.17,11.8056,"1.44","pre-market",9.67,1.42293845362592,7969309.70967742,8.23999999999999,-1.74044482833081,8116175.59375
"DIS03","DIS",2025-05-07,2025-03-31,1.45,0.24,19.8347,"1.21","pre-market",22.17,-8.03232887647176,11308450.3225806,20.3589,14.8506151142355,11331104.1935484
"DIS04","DIS",2025-02-05,2024-12-31,1.76,0.33,23.0769,"1.43","pre-market",9.02000000000001,1.51420123644834,7062125.03571429,22.665,-14.0363007778738,9938948.40625
"DIS05","DIS",2024-11-14,2024-09-30,1.14,0.03,2.7027,"1.11","pre-market",11.74,6.06091894682499,8110469.78787879,10.23,1.10577358832593,10772097.8
"DIS06","DIS",2024-08-07,2024-06-30,1.39,0.2,16.8067,"1.19","pre-market",17.257,-12.0097799511002,11343467.2258065,11.38,6.53409090909091,10428689.1875
"DIS07","DIS",2024-05-07,2024-03-31,1.21,0.11,10,"1.1","pre-market",13.53,-0.427460032486963,9639337.63333333,8.63,-4.64335664335665,11251429.8125
"DIS08","DIS",2024-02-07,2023-12-31,1.22,0.23,23.2323,"0.99","post-market",10.635,9.30206957287539,11554440.7931034,21.02,18.9752541328679,13048991.03125
"DIS09","DIS",2023-11-08,2023-09-30,0.82,0.12,17.1429,"0.7","post-market",7.55409999999999,3.71505640019618,11432063.5,12.56,8.17684811029237,14093494.96875
"DIS10","DIS",2023-08-09,2023-06-30,1.03,0.08,8.4211,"0.95","post-market",5.79000000000001,0.102226260790537,14971821.2903226,12.78,-8.91255605381166,17221130.4375
"DIS11","DIS",2023-05-10,2023-03-31,0.93,0,0,"0.93","post-market",9.53,7.80755433635789,8183098.96774194,16.24,-14.4660194174757,15937853.7419355
"DIS12","DIS",2023-02-08,2022-12-31,0.99,0.21,26.9231,"0.78","post-market",29.46,27.6938915579959,11982632.7241379,27.72,-16.1497326203209,11119859.6875
"DIS13","DIS",2022-11-08,2022-09-30,0.3,-0.25,-45.4545,"0.55","post-market",18.13,1.49570490146539,9256516.06451613,17.2787,-12.636489974191,18785341
"DIS14","DIS",2022-08-10,2022-06-30,1.09,0.13,13.5417,"0.96","post-market",21,10.0895947872124,10028158.3548387,28.46,-11.5398293029872,11823811.65625
"DIS15","DIS",2022-05-11,2022-03-31,1.08,-0.11,-9.2437,"1.19","post-market",38.3153,-22.4654377880184,13207171.8064516,20.84,-9.3790546802595,13594171
"GS01","GS",2025-10-14,2025-09-30,12.25,1.16,10.4599,"11.09","pre-market",104.0928,6.84356688417064,1793263.2,101.27,6.72378834456145,2152973.875
"GS02","GS",2025-07-16,2025-06-30,10.91,1.25,12.94,"9.66","pre-market",133.8299,17.358837287003,2179192.73333333,62.0300000000001,5.18701482004234,1819339.24242424
"GS03","GS",2025-04-14,2025-03-31,14.12,1.86,15.1713,"12.26","pre-market",189.4034,-18.649533555998,3583899.61290323,128.1,18.6,2387941.09375
"GS04","GS",2025-01-15,2024-12-31,11.95,3.6,43.1138,"8.35","pre-market",67.42,-5.9983552631579,1907989.03448276,79.1900000000001,4.06187290969899,2723969.83870968
"GS05","GS",2024-10-15,2024-09-30,8.4,1.48,21.3873,"6.92","pre-market",65.59,3.01101542948351,1834779.76666667,102.22,12.949146250928,2273282.60606061
"GS06","GS",2024-07-15,2024-06-30,8.62,0.2,2.3753,"8.42","pre-market",44.29,6.69690501600854,2118730.89655172,79.89,6.21551275377408,2218486.5
"GS07","GS",2024-04-15,2024-03-31,11.58,3.02,35.2804,"8.56","pre-market",37.78,-0.0359315247799159,2109896.96666667,76.3,10.6216216216216,2499591.81818182
"GS08","GS",2024-01-16,2023-12-31,5.48,1.54,39.0863,"3.94","pre-market",48.93,9.08172105111175,2097625.32142857,24.72,2.57426789301195,2414964.96969697
"GS09","GS",2023-10-17,2023-09-30,5.47,-0.04,-0.726,"5.51","pre-market",42.71,-3.95613123968962,1742559.86666667,59.5332,11.1845044355096,2266909.57575758
"GS10","GS",2023-07-19,2023-06-30,3.08,-0.84,-21.4286,"3.92","pre-market",37.17,4.44059084012014,2449463.26666667,43.62,-3.13609467455622,2046836.3030303
"GS11","GS",2023-04-18,2023-03-31,8.79,0.72,8.9219,"8.07","pre-market",56.9869,-5.13321789644194,2693698.53333333,33.44,-1.32621951219513,2163020.96969697
"GS12","GS",2023-01-17,2022-12-31,3.32,-2.54,-43.3447,"5.86","pre-market",39.57,-1.20195482763176,2069637.35714286,43.5217,-2.11348684210527,3196929.42424242
"GS13","GS",2022-10-18,2022-09-30,8.25,0.57,7.4219,"7.68","pre-market",56.615,-7.70642753972076,2009115.3,81.518,18.3137998569963,2564757.81818182
"GS14","GS",2022-07-18,2022-06-30,7.73,1.1,16.5913,"6.63","pre-market",47.37,-8.41747693841934,2512840.72413793,59.91,9.07247514390372,2214832.70588235
"GS15","GS",2022-04-14,2022-03-31,10.76,1.56,16.9565,"9.2","pre-market",38.565,-5.37252020573107,2960135.75757576,53.45,0.0334885986543541,2665076.06451613
"HD01","HD",2025-11-18,2025-10-31,3.74,-0.09,-2.3499,"3.83","pre-market",38.4,-9.24461343472751,3099212.16129032,25.96,4.57085710924171,6598956
"HD02","HD",2025-08-19,2025-07-31,4.58,-0.02,-0.4348,"4.6","pre-market",55.36,6.38814016172506,3241183.67741935,34.12,-1.48498185853397,3791286.72727273
"HD03","HD",2025-05-20,2025-04-30,3.45,-0.07,-1.9886,"3.52","pre-market",54.86,10.1887888469358,3385530.46666667,43.95,-3.80205502497606,3732692.16129032
"HD04","HD",2025-02-25,2025-01-31,3.02,0.03,1.0033,"2.99","pre-market",47.9859,-1.94107541219005,3171147.27586207,74.7,-8.08831168831168,4389695.79411765
"HD05","HD",2024-11-12,2024-10-31,3.67,0.01,0.2732,"3.66","pre-market",39.84,2.02148925537232,3279796.22580645,56.32,-5.16354858177429,3369055.9375
"HD06","HD",2024-08-13,2024-07-31,4.6,0.05,1.0989,"4.55","pre-market",44.1,0.549546406140959,3154018.76666667,64.1737,16.866060198321,3309110.33333333
"HD07","HD",2024-05-14,2024-04-30,3.63,0.02,0.554,"3.61","pre-market",56.239,-10.6194458279812,3701432.93548387,33.915,2.74287419788091,3784668.34375
"HD08","HD",2024-02-20,2024-01-31,2.82,0.05,1.8051,"2.77","pre-market",25.47,5.50912849780159,3019460.62068966,42.3168,0.720497593650616,3475090.81818182
"HD09","HD",2023-11-14,2023-10-31,3.81,0.05,1.3298,"3.76","pre-market",29.19,-4.14281911353653,2909360.22580645,54.7799,15.1749808900263,3971121.65625
"HD10","HD",2023-08-15,2023-07-31,4.65,0.21,4.7297,"4.44","pre-market",34.08,6.5110723739428,2932486.1,38.35,-8.92211237038822,2909392.78787879
"HD11","HD",2023-05-16,2023-04-30,3.82,0.02,0.5263,"3.8","pre-market",18.96,-2.14670871909655,3410678.4,38.3727,10.2537710736468,5281478.0625
"HD12","HD",2023-02-21,2023-01-31,3.3,0.01,0.304,"3.29","pre-market",34.079,-0.640625000000004,3178014.96551724,28.08,-5.54410080183276,4563514.18181818
"HD13","HD",2022-11-15,2022-10-31,4.24,0.12,2.9126,"4.12","pre-market",49.815,9.22419928825623,3604831.06451613,44,3.88081299743472,4393228.8125
"HD14","HD",2022-08-16,2022-07-31,5.05,0.12,2.4341,"4.93","pre-market",40.77,14.1960072595281,2777789,67.37,-11.8346220205764,3902114.3030303
"HD15","HD",2022-05-17,2022-04-30,4.09,0.4,10.8401,"3.69","pre-market",37.77,-1.82427277853328,4268301.16666667,46.43,-8.94616639477978,4880231.90625
"HON01","HON",2025-10-23,2025-09-30,2.82,0.25,9.7276,"2.57","pre-market",15.55,-3.82180430127548,4485214.39393939,35.72,-11.6325581395349,4673113.64
"HON02","HON",2025-07-24,2025-06-30,2.75,0.09,3.3835,"2.66","pre-market",21.52,4.62635008089554,3041907.06451613,18.49,-5.24942508402618,3657389.25806452
"HON03","HON",2025-04-29,2025-03-31,2.51,0.3,13.5747,"2.21","pre-market",37.8039,-3.73248896564959,4902444.23333333,24.68,8.117618703302,3725182.45454545
"HON04","HON",2025-02-06,2024-12-31,2.47,0.12,5.1064,"2.35","pre-market",17.41,-2.37959344953243,3353760,16.93,-2.26976744186046,4989550.32258064
"HON05","HON",2024-10-24,2024-09-30,2.58,0.08,3.2,"2.5","pre-market",25.6199,10.1810181018102,2840016.87878788,39.74,5.60246303120772,4963747.96774194
"HON06","HON",2024-07-25,2024-06-30,2.49,0.07,2.8926,"2.42","pre-market",14.78,1.84964484912046,2598558.16129032,13.39,-2.29794368558607,2953205.74193548
"HON07","HON",2024-04-25,2024-03-31,2.25,0.08,3.6866,"2.17","pre-market",17.07,-3.36838972120251,2866790.1875,20.86,4.6726160633711,2701914.51612903
"HON08","HON",2024-02-01,2023-12-31,2.6,0.01,0.3861,"2.59","pre-market",14.605,-0.857801088181952,2859840.4,14.255,0.929187726553323,3143790.90322581
"HON09","HON",2023-10-26,2023-09-30,2.27,0.04,1.7937,"2.23","pre-market",19.11,-4.21664067122035,2888217.45454545,24.245,8.97636913428155,2760771.67741935
"HON10","HON",2023-07-27,2023-06-30,2.23,0.02,0.905,"2.21","pre-market",14.245,5.07037990010594,2650147.77419355,20.89,-9.42025428304943,2609714.80645161
"HON11","HON",2023-04-27,2023-03-31,2.07,0.14,7.2539,"1.93","pre-market",15.24,-1.0880829015544,2822148.40625,12.165,0.995202613044804,2297565.51612903
"HON12","HON",2023-02-02,2022-12-31,2.52,0.01,0.3984,"2.51","pre-market",18.41,-1.21380101309376,2783534.86666667,23.9919,-7.19276200050264,3462941.67741935
"HON13","HON",2022-10-27,2022-09-30,2.25,0.09,4.1667,"2.16","pre-market",27.0398,-1.51656314699792,3142408.63636364,28.16,9.4486967314853,3215827.25806452
"HON14","HON",2022-07-28,2022-06-30,2.1,0.07,3.4483,"2.03","pre-market",19.93,0.712875630620741,2814735.61290323,19.9,1.36428533657659,2335094.19354839
"HON15","HON",2022-04-29,2022-03-31,1.91,0.05,2.6882,"1.86","pre-market",15.798,2.58737103656889,3018539.53125,24.065,-7.87751635945852,3479514.64516129
"IBM01","IBM",2025-10-22,2025-09-30,2.65,0.2,8.1633,"2.45","post-market",54.0225,13.4416602984354,4990021.46875,61.3377,7.55700556757332,6183583.53846154
"IBM02","IBM",2025-07-23,2025-06-30,2.8,0.15,5.6604,"2.65","post-market",29.45,5.16971279373367,3719703.36666667,54.72,-12.5817798100598,5571411.0625
"IBM03","IBM",2025-04-23,2025-03-31,1.12,0.04,3.7037,"1.08","post-market",51.95,-7.89876127848295,5064700.90322581,45.7299,9.29674796747968,4172937.875
"IBM04","IBM",2025-01-29,2024-12-31,3.09,-0.39,-11.2069,"3.48","post-market",16.42,-2.19737355350409,3738029.5,42.72,10.074461483911,5362091.6875
"IBM05","IBM",2024-10-23,2024-09-30,2.3,0.07,3.139,"2.23","post-market",35.94,15.0094087352679,3966251.9375,34.87,3.31148821665726,4519518.25
"IBM06","IBM",2024-07-24,2024-06-30,2.43,0.26,11.9816,"2.17","post-market",22.66,8.58153936891771,3503753.8,24.14,9.01487998262193,3491360.34375
"IBM07","IBM",2024-04-24,2024-03-31,1.68,0.08,5,"1.6","post-market",20.18,-6.61233276949101,3888314.25806452,21.67,-7.18458262815963,4290634.875
"IBM08","IBM",2024-01-24,2023-12-31,3.87,0.09,2.381,"3.78","post-market",16.565,6.92156380624538,4200230.48275862,25.83,12.1252002746624,5895798.6875
"IBM09","IBM",2023-10-25,2023-09-30,2.2,0.07,3.2864,"2.13","post-market",16.0599,-7.25583899845191,3964938.84375,26.46,17.7890909090909,4347476.4375
"IBM10","IBM",2023-07-19,2023-06-30,2.18,0.18,9,"2","post-market",10.289,1.68269230769231,4142140.7,12.91,9.15664428539806,4234147.03030303
"IBM11","IBM",2023-04-19,2023-03-31,1.36,0.12,9.6774,"1.24","post-market",10.9,-1.43474236346805,5408462.70967742,12.57,4.67984189723319,4667387.75
"IBM12","IBM",2023-01-25,2022-12-31,3.6,-0.01,-0.277,"3.61","post-market",16.015,-4.28223515085914,4264419.10344828,15.9,-10.6926745924397,4763266.875
"IBM13","IBM",2022-10-19,2022-09-30,1.81,0.01,0.5556,"1.8","post-market",15.445,-3.80281690140845,4386687.4516129,28.4725,21.5021248774109,4979048.625
"IBM14","IBM",2022-07-18,2022-06-30,2.31,0.02,0.8734,"2.29","post-market",11.88,-0.242406958505635,4814307.17241379,15.18,-7.48483767392081,4978210.5
"IBM15","IBM",2022-04-19,2022-03-31,1.4,-0.02,-1.4085,"1.42","post-market",10.395,-0.237210405629791,3928835.63333333,16.7794,11.9765228426396,5812856.09090909
"JNJ01","JNJ",2025-10-14,2025-09-30,2.8,0.04,1.4493,"2.76","pre-market",18.77,7.56747619315941,8511574.4,23.06,7.12730665560854,9097238.61290323
"JNJ02","JNJ",2025-07-16,2025-06-30,2.77,0.09,3.3582,"2.68","pre-market",10.2,0.446659761781459,7648362.36666667,21.36,10.5240174672489,8852050.03030303
"JNJ03","JNJ",2025-04-15,2025-03-31,4.54,2.28,100.885,"2.26","pre-market",28.49,-6.42580019398642,10761766.483871,13.325,-0.314707771355158,8256400.28125
"JNJ04","JNJ",2025-01-22,2024-12-31,2.04,0.03,1.4925,"2.01","pre-market",10.21,-0.76361444169066,8614291.10714286,27.88,15.7569444444444,9525549.3125
"JNJ05","JNJ",2024-10-15,2024-09-30,2.42,0.21,9.5023,"2.21","pre-market",10.075,-2.20285645122247,5676427.56666667,15.99,-3.11875000000001,7153500.39393939
"JNJ06","JNJ",2024-07-17,2024-06-30,2.82,0.12,4.4444,"2.7","pre-market",7.20000000000002,2.553480475382,6446910.2,14.565,9.44242824150446,7307335.3030303
"JNJ07","JNJ",2024-04-16,2024-03-31,2.2,-0.01,-0.4525,"2.21","pre-market",15.96,-8.51103396974956,6965785.4,11.73,1.14474863802496,8348517.78787879
"JNJ08","JNJ",2024-01-23,2023-12-31,2.29,0.01,0.4386,"2.28","pre-market",11.81,5.15857605177994,6736267.17857143,7.72999999999999,-0.087686333458591,7448047.3030303
"JNJ09","JNJ",2023-10-17,2023-09-30,2.66,0.14,5.5556,"2.52","pre-market",11.95,-1.88714499252616,6751765.66666667,13.9999,1.53865880241057,6982125.72727273
"JNJ10","JNJ",2023-07-20,2023-06-30,2.8,0.18,6.8702,"2.62","pre-market",9.52000000000001,1.2695374800638,6640917.22580645,15.955,-0.901568482153889,38113508.1875
"JNJ11","JNJ",2023-04-18,2023-03-31,2.68,0.18,7.2,"2.5","pre-market",17.12,7.11884132936764,8128240.83333333,13.03,-4.43226788432268,6470841.45454545
"JNJ12","JNJ",2023-01-24,2022-12-31,2.35,0.11,4.9107,"2.24","pre-market",13.559,-4.34214265416311,6592082.53571429,24.29,-13.3657142857143,8768634.15151515
"JNJ13","JNJ",2022-10-18,2022-09-30,2.55,0.06,2.4096,"2.49","pre-market",8.5,1.61644504086861,7377084.8,16.91,8.41212121212121,6771037.3030303
"JNJ14","JNJ",2022-07-19,2022-06-30,2.59,0.04,1.5686,"2.55","pre-market",16.0906,-1.68162067603409,6883423.96551724,15.48,-7.7071400215505,6670046.64705882
"JNJ15","JNJ",2022-04-19,2022-03-31,2.67,0.1,3.8911,"2.57","pre-market",16.84,5.5614973262032,7507714.7,14,-2.37937140327579,7826130.75757576
"JPM01","JPM",2025-10-14,2025-09-30,5.07,0.2,4.1068,"4.87","pre-market",26.57,2.56777459535071,8462972.5,31.7052,0.663745749411467,8244186.75
"JPM02","JPM",2025-07-15,2025-06-30,4.96,0.49,10.962,"4.47","pre-market",36.09,9.76351608242719,8924986.20689655,19.94,4.65972222222223,7734395.02941176
"JPM03","JPM",2025-04-11,2025-03-31,5.07,0.43,9.2672,"4.64","pre-market",64.16,-13.3928230942303,13477160.6363636,44.52,15.2003888471565,9263616.23333333
"JPM04","JPM",2025-01-15,2024-12-31,4.81,0.77,19.0594,"4.04","pre-market",20.72,-0.833500300540979,8965347.24137931,36.57,5.69089456869008,9281798.35483871
"JPM05","JPM",2024-10-11,2024-09-30,4.37,0.38,9.5238,"3.99","pre-market",24.87,-3.03858594141496,9144966.8125,39.15,16.0523021282515,9078270.53125
"JPM06","JPM",2024-07-12,2024-06-30,6.12,1.59,35.0993,"4.53","pre-market",19.5,3.79765836085258,8955014.29032258,28.78,7.43627450980392,8587042.3125
"JPM07","JPM",2024-04-12,2024-03-31,4.44,0.31,7.5061,"4.13","pre-market",18.7,6.61175058643828,8045643.5625,26.68,6.57922684791844,10121679.3548387
"JPM08","JPM",2024-01-12,2023-12-31,3.04,-0.56,-15.5556,"3.6","pre-market",20.66,11.1473697950659,9452241.29032258,20.9,5.5005753739931,9331414.2
"JPM09","JPM",2023-10-13,2023-09-30,4.33,0.37,9.3434,"3.96","pre-market",9.41999999999999,-1.28630424480401,8712789.78125,19.248,3.15824915824916,9602542.38709677
"JPM10","JPM",2023-07-14,2023-06-30,4.75,0.75,18.75,"4","pre-market",15.4656,8.82309941520467,9880758.77419355,13.92,-2.63279445727483,9327135.90625
"JPM11","JPM",2023-04-14,2023-03-31,4.1,0.69,20.2346,"3.41","pre-market",20.93,-9.75933958304183,17359928.84375,11.56,1.32445431002589,11945040.3870968
"JPM12","JPM",2023-01-13,2022-12-31,3.57,0.47,15.1613,"3.1","pre-market",12.45,3.58681122827864,9778300.96774193,10.79,4.8377581120944,9670730.83333333
"JPM13","JPM",2022-10-14,2022-09-30,3.12,0.27,9.4737,"2.85","pre-market",20.27,-4.89565217391304,12172752.71875,26.416,19.9960700952109,12984642.2903226
"JPM14","JPM",2022-07-14,2022-06-30,2.76,-0.14,-4.8276,"2.9","pre-market",23.85,-14.0344138884621,12344509.8666667,18.1789,6.18575794055006,11978965.875
"JPM15","JPM",2022-04-13,2022-03-31,2.63,-0.08,-2.952,"2.71","pre-market",17.79,-8.36642284918148,16509041.84375,18.49,3.41106034346937,15334407.59375
"MCD01","MCD",2025-11-05,2025-09-30,3.22,-0.11,-3.3033,"3.33","pre-market",20.75,-1.02871129928553,2813180.125,16.83,4.28468895528366,3314257.3125
"MCD02","MCD",2025-08-06,2025-06-30,3.19,0.04,1.2698,"3.15","pre-market",22.875,3.55261333703036,3911923.87096774,21.545,-1.50488599348534,3294642.28125
"MCD03","MCD",2025-05-01,2025-03-31,2.67,0,0,"2.67","pre-market",31.28,6.09027547295054,4008026.625,24.53,-3.59087352908303,2969592.64516129
"MCD04","MCD",2025-02-10,2024-12-31,2.83,-0.03,-1.049,"2.86","pre-market",20.62,0.327265289425253,2882061.89285714,30.61,3.44724914811262,3749242.84848485
"MCD05","MCD",2024-10-29,2024-09-30,3.23,0.03,0.9375,"3.2","pre-market",27.53,-0.21182166633044,3558069.16129032,20.35,-0.335318226371879,3315000.33333333
"MCD06","MCD",2024-07-29,2024-06-30,2.97,-0.1,-3.2573,"3.07","pre-market",18.8,-0.34010915130903,3969031.96551724,46,15.302701636758,3531089.60606061
"MCD07","MCD",2024-04-30,2024-03-31,2.7,-0.03,-1.0989,"2.73","pre-market",20.47,-2.11829534475973,3351540.16666667,27.7099,-4.06688608935799,3536673.21212121
"MCD08","MCD",2024-02-05,2023-12-31,2.95,0.12,4.2403,"2.83","pre-market",15.19,2.18438252493981,2867465.96428571,20.911,-1.21250130657469,3298595.66666667
"MCD09","MCD",2023-10-30,2023-09-30,3.19,0.2,6.689,"2.99","pre-market",38.13,-9.89924610723597,3161603.25806452,41.37,11.5032679738562,3205946.63636364
"MCD10","MCD",2023-07-27,2023-06-30,3.17,0.38,13.6201,"2.79","pre-market",12.85,1.24583564686285,2264271.96774194,23.9,-4.37671232876711,2456896.96774194
"MCD11","MCD",2023-04-25,2023-03-31,2.63,0.29,12.3932,"2.34","pre-market",33.06,12.6089795291316,2583874.2,18.86,-2.78305084745762,2593488.6969697
"MCD12","MCD",2023-01-31,2022-12-31,2.59,0.13,5.2846,"2.46","pre-market",15.8773,1.74272300469483,2316046.46428571,12.96,0.795956090384403,2965659.03030303
"MCD13","MCD",2022-10-27,2022-09-30,2.68,0.1,3.876,"2.58","pre-market",30.82,-1.30384615384615,3057744.39393939,19.41,3.43726235741446,3230771.96774194
"MCD14","MCD",2022-07-26,2022-06-30,2.55,0.08,3.2389,"2.47","pre-market",24.74,7.55616650199751,2713614.55172414,19.27,3.99102420259656,2343529.18181818
"MCD15","MCD",2022-04-28,2022-03-31,2.28,0.1,4.5872,"2.18","pre-market",36.445,8.97786400917188,2864797.78125,28.04,-5.02520604945187,2879951.4516129
"MRK01","MRK",2025-10-30,2025-09-30,2.58,0.21,8.8608,"2.37","pre-market",13.42,5.44391669711363,12144686.3333333,23.83,23.6468919877098,15682106.05
"MRK02","MRK",2025-07-29,2025-06-30,2.13,0.1,4.9261,"2.03","pre-market",8.12,3.93175074183977,15679634.1034483,11.175,3.70695053224798,12013583.030303
"MRK03","MRK",2025-04-24,2025-03-31,2.22,0.08,3.7383,"2.14","pre-market",21.07,-16.8444397507657,17695797.65625,12.52,0.881451200817575,14988263.2258065
"MRK04","MRK",2025-02-04,2024-12-31,1.72,0.05,2.994,"1.67","pre-market",7.81999999999999,0.706428499344034,9987739,16.33,4.61797752808989,19321223.0606061
"MRK05","MRK",2024-10-31,2024-09-30,1.57,0,0,"1.57","pre-market",16.48,-9.47322970639033,9616392,10.5881,1.06014069156841,12485257.8387097
"MRK06","MRK",2024-07-30,2024-06-30,2.28,0.13,6.0465,"2.15","pre-market",13.76,-0.335387255284305,9348576.82758621,13.22,-6.17103984450924,10253947.2727273
"MRK07","MRK",2024-04-25,2024-03-31,2.07,0.19,10.1064,"1.88","pre-market",13.87,1.88527878058564,8981425.5,10.1,0.755648083892351,7529878.67741936
"MRK08","MRK",2024-02-01,2023-12-31,0.03,0.14,127.2727,"-0.11","pre-market",17.61,13.7716654107008,7815323.83333333,11.01,-1.72260412454509,8875955.06451613
"MRK09","MRK",2023-10-26,2023-09-30,2.13,0.18,9.2308,"1.95","pre-market",10.53,-5.20923850903271,6394889.78787879,7.425,0.630455868089239,8272041.83870968
"MRK10","MRK",2023-08-01,2023-06-30,-2.06,0.12,5.5046,"-2.18","pre-market",10.44,-2.22772277227722,7666568.82758621,7.59999999999999,-1.8978102189781,6924035.09090909
"MRK11","MRK",2023-04-27,2023-03-31,1.4,0.08,6.0606,"1.32","pre-market",14.42,8.57662486838328,7705205.46875,12.78,-3.39441535776614,6832330.41935484
"MRK12","MRK",2023-02-02,2022-12-31,1.62,0.08,5.1948,"1.54","pre-market",10.38,-2.02399487132521,7919479.56666667,10.43,0.0769082868679084,9275466.41935484
"MRK13","MRK",2022-10-27,2022-09-30,1.85,0.14,8.1871,"1.71","pre-market",14.755,11.664586406445,8944743.03030303,14.04,8.95432692307692,9431834.67741936
"MRK14","MRK",2022-07-28,2022-06-30,1.87,0.17,10,"1.7","pre-market",12.67,6.44032201610082,11174467.7419355,7.95,-4.06414762741652,8094588.77419355
"MRK15","MRK",2022-04-28,2022-03-31,2.14,0.31,16.9399,"1.83","pre-market",12.17,8.3568677792041,10796439.53125,9.92,1.66763848396502,12102755
"MSFT01","MSFT",2025-10-29,2025-09-30,3.72,0.06,1.6393,"3.66","post-market",48.68,6.54100906071268,18879463.75,81.38,-10.9076228575623,27426396.8095238
"MSFT02","MSFT",2025-07-30,2025-06-30,3.65,0.27,7.9882,"3.38","post-market",45.78,7.86178742029841,18472856.7666667,63.08,-1.02296329367005,22182354.46875
"MSFT03","MSFT",2025-04-30,2025-03-31,3.46,0.24,7.4534,"3.22","post-market",51.57,1.89811223170417,24821672.4516129,95.975,21.6910069177556,21231438.28125
"MSFT04","MSFT",2025-01-29,2024-12-31,3.23,0.13,4.1935,"3.1","post-market",44.57,-0.0156505019339534,20971990.8214286,69.97,-13.013499294813,24800350.28125
"MSFT05","MSFT",2024-10-30,2024-09-30,3.3,0.19,6.1093,"3.11","post-market",33.68,0.313516024152338,18040969.0625,50.5935,2.24833403819996,22778298.5625
"MSFT06","MSFT",2024-07-30,2024-06-30,2.95,0.02,0.6826,"2.93","post-market",51.08,-3.5823627099879,18947259.0344828,46.25,0.670999719442614,20725847.8787879
"MSFT07","MSFT",2024-04-25,2024-03-31,2.94,0.12,4.2553,"2.82","post-market",35.07,1.31266098672479,19536663.46875,45.5700000000001,7.5679516788062,19669661.9677419
"MSFT08","MSFT",2024-01-30,2023-12-31,2.93,0.15,5.3957,"2.78","post-market",43.48,10.8999864663689,21739253.1785714,30.61,1.00907194488915,23652816.2121212
"MSFT09","MSFT",2023-10-24,2023-09-30,2.99,0.34,12.8302,"2.65","post-market",31.41,-2.34847586288697,21670513.8387097,57.36,12.9580440688198,27688229.7575758
"MSFT10","MSFT",2023-07-25,2023-06-30,2.69,0.14,5.4902,"2.55","post-market",41.6199999999999,5.03073832856535,28973880.3103448,40.3392,-3.69911555414711,23097510.1818182
"MSFT11","MSFT",2023-04-25,2023-03-31,2.45,0.22,9.8655,"2.23","post-market",46.35,13.8924818108326,30161791.9666667,63.1899,16.9153160888698,29530713.1212121
"MSFT12","MSFT",2023-01-24,2022-12-31,2.32,0.03,1.31,"2.29","post-market",44.565,-1.96609347531774,31472839.1785714,45.86,2.51134020618557,31385858.5757576
"MSFT13","MSFT",2022-10-25,2022-09-30,2.35,0.05,2.1739,"2.3","post-market",48.32,-6.97193167281209,28579067.4193548,42.689,-0.744155949203269,30284554.3030303
"MSFT14","MSFT",2022-07-26,2022-06-30,2.23,-0.06,-2.6201,"2.29","post-market",27.545,5.59748684264207,27160526.5172414,44.61,1.77018394520125,23086533.3030303
"MSFT15","MSFT",2022-04-26,2022-03-31,2.22,0.03,1.3699,"2.19","post-market",45.18,0.135549689662571,29063141.6666667,44.54,-8.83243243243243,34451199.3636364
"NKE01","NKE",2025-09-30,2025-08-31,0.49,0.22,81.4815,"0.27","post-market",12.135,-9.804175852678,11849900.8666667,16.68,-8.42015127729412,16647593.7352941
"NKE02","NKE",2025-06-26,2025-05-31,0.14,0.02,16.6667,"0.12","post-market",5.66,-2.48477075985894,14329849.1612903,19.17,20.5165692007797,18141636.6129032
"NKE03","NKE",2025-03-20,2025-02-28,0.54,0.26,92.8571,"0.28","post-market",13.82,-2.55006675567425,13555154.28125,21.37,-19.6516730663741,26390960.0967742
"NKE04","NKE",2024-12-19,2024-11-30,0.78,0.15,23.8095,"0.63","post-market",8.47000000000001,-1.39761507885625,10919608.4375,8.54940000000001,-0.0519885625162361,13267533.6428571
"NKE05","NKE",2024-10-01,2024-08-31,0.7,0.18,34.6154,"0.52","post-market",13.8779,6.21170251111378,11696550.7666667,14.515,-12.8863636363636,10892531.2941176
"NKE06","NKE",2024-06-27,2024-05-31,0.99,0.16,19.2771,"0.83","post-market",7.21000000000001,3.05686424893175,9273906.58064516,23.9898,-20.7209128719206,20161449.8064516
"NKE07","NKE",2024-03-21,2024-02-29,0.77,0.06,8.4507,"0.71","post-market",10.37,-0.228855721393039,8196797.21875,13.15,-8.25368379131819,10618237.1612903
"NKE08","NKE",2023-12-21,2023-11-30,1.03,0.18,21.1765,"0.85","post-market",19.2116,13.5284218399402,7703489.28125,23.87,-17.653311529027,10621503.4482759
"NKE09","NKE",2023-09-28,2023-08-31,0.94,0.18,23.6842,"0.76","post-market",19.17,-17.1423276501112,7889647.34375,22.04,19.0909090909091,9567992.9375
"NKE10","NKE",2023-06-29,2023-05-31,0.66,-0.02,-2.9412,"0.68","post-market",17.09,-5.66683358370889,9720333.93548387,10.6,-4.85035211267605,6981394.19354839
"NKE11","NKE",2023-03-21,2023-02-28,0.79,0.24,43.6364,"0.55","post-market",11.71,-3.4416826003824,5607224.86666667,11.83,2.50202429149798,5414972.66666667
"NKE12","NKE",2022-12-20,2022-11-30,0.85,0.19,28.7879,"0.66","post-market",24.495,6.99823486657667,7477224.2,29.63,23.8932038834951,7944110.5483871
"NKE13","NKE",2022-09-29,2022-08-31,0.93,0.01,1.087,"0.92","post-market",23.47,-14.5084452143785,6574008.84375,24.99,8.13372744878198,10796976.96875
"NKE14","NKE",2022-06-27,2022-05-31,0.9,0.09,11.1111,"0.81","post-market",20.36,2.40341012153092,6893771.5862069,17.22,1.65716322166785,7614143.06060606
"NKE15","NKE",2022-03-21,2022-02-28,0.87,0.15,20.8333,"0.72","post-market",30.79,-9.7200247643943,7266226.46666667,23.34,-8.54918285538082,7102292.39393939
"NVDA01","NVDA",2025-11-19,2025-10-31,1.3,0.06,4.8387,"1.24","post-market",35.4299,-2.23180592991913,184947991,26.45,-2.45143135451053,282927074.333333
"NVDA02","NVDA",2025-08-27,2025-07-31,1.05,0.04,3.9604,"1.01","post-market",22.46,9.91715546955313,159188275.96875,31.55,0.648422903615786,186751730.46875
"NVDA03","NVDA",2025-05-28,2025-04-30,0.81,0.06,8,"0.75","post-market",42.36,18.7450705459644,226558475.366667,34.97,21.242418673038,199402142.935484
"NVDA04","NVDA",2025-02-26,2025-01-31,0.89,0.04,4.7059,"0.85","post-market",35.96,-2.5848142164782,269074010.433333,48.39,-14.659383775051,336243962.636364
"NVDA05","NVDA",2024-11-20,2024-10-31,0.81,0.06,8,"0.75","post-market",24.82,17.6174093927514,225955251.78125,26.03,-1.99443728376636,212147539.2
"NVDA06","NVDA",2024-08-28,2024-07-31,0.68,0.05,7.9365,"0.63","post-market",40.7,-1.73100490196078,341976849.375,34.83,5.21386200437091,307490768.15625
"NVDA07","NVDA",2024-05-22,2024-04-30,0.612,0.053,9.4812,"0.559","post-market",202.1299,7.53776775648253,42187603.1875,1138.86,-86.8184246639919,219320506.1
"NVDA08","NVDA",2024-02-21,2024-01-31,0.516,0.055,11.9306,"0.461","post-market",251.32,40.2730651155275,50487820.3333333,311.52,29.4121106961151,57388023.53125
"NVDA09","NVDA",2023-11-21,2023-10-31,0.402,0.066,19.6429,"0.336","post-market",113.1799,12.4147005039918,44296251.7096774,55.07,-2.05282687627179,39716790
"NVDA10","NVDA",2023-08-23,2023-07-31,0.27,0.063,30.4348,"0.207","post-market",78.76,7.05863047096608,48914852,92.86,-0.226747481794798,50577458.03125
"NVDA11","NVDA",2023-05-24,2023-04-30,0.109,0.017,18.4783,"0.092","post-market",56.08,14.409275621668,39183626.75,141.84,40.6918238993711,55372749.8
"NVDA12","NVDA",2023-02-22,2023-01-31,0.088,0.007,8.642,"0.081","post-market",79.078,35.1413242606648,50307947.7333333,75.79,30.5693726759067,50238765.09375
"NVDA13","NVDA",2022-11-16,2022-10-31,0.058,-0.013,-18.3099,"0.071","post-market",61.85,34.9801571231878,58311702.03125,49.06,-9.57522507193022,43352511.5806452
"NVDA14","NVDA",2022-08-24,2022-07-31,0.051,0.0011,2.2044,"0.0499","post-market",48.09,10.6595388380781,50798956.46875,60.0099,-29.0148130731249,61692727.625
"NVDA15","NVDA",2022-05-25,2022-04-30,0.136,0.006,4.6154,"0.13","post-market",72.1,-27.2800936346448,60054554.1612903,55.64,-1.13607990012484,54855691.3333333
"PG01","PG",2025-10-24,2025-09-30,1.99,0.09,4.7368,"1.9","pre-market",14.705,-4.03505453628397,7336316.57575758,13.31,-5.21099744245525,9124734.125
"PG02","PG",2025-07-29,2025-06-30,1.48,0.06,4.2254,"1.42","pre-market",10.63,-2.34336151168572,8931978.55172414,11.12,-0.472738733060195,6887471.48484848
"PG03","PG",2025-04-24,2025-03-31,1.54,0.01,0.6536,"1.53","pre-market",23.3,-6.24009957003847,9054904.34375,14.41,2.19314641744549,7983759.96774194
"PG04","PG",2025-01-22,2024-12-31,1.88,0.02,1.0753,"1.86","pre-market",16.29,-6.86209577562127,6840299.78571429,17.79,5.29622980251346,7491462.8125
"PG05","PG",2024-10-18,2024-09-30,1.93,0.03,1.5789,"1.9","pre-market",11.67,0.730865929953809,7229382.15151515,20.62,5.51967116852612,6957647.25806452
"PG06","PG",2024-07-30,2024-06-30,1.4,0.03,2.1898,"1.37","pre-market",9.20999999999998,2.46005426590293,6466524.20689655,19.9,7.59626676556031,6852014.21212121
"PG07","PG",2024-04-19,2024-03-31,1.52,0.11,7.8014,"1.41","pre-market",8.44999999999999,-1.36084284460054,6201249.03125,15.015,6.23951477610015,6074205.09677419
"PG08","PG",2024-01-23,2023-12-31,1.84,0.14,8.2353,"1.7","pre-market",9,2.11325966850829,7333384.78571429,9.68000000000001,4.72862647769576,6890623.12121212
"PG09","PG",2023-10-18,2023-09-30,1.83,0.11,6.3953,"1.72","pre-market",13.87,-4.90247074122238,5472636.64516129,7.34999999999999,1.73264027722244,6611854.0625
"PG10","PG",2023-07-28,2023-06-30,1.37,0.05,3.7879,"1.32","pre-market",10.565,5.25915161580515,6654947.48387097,7.44999999999999,0.0581921634553236,4941761.09677419
"PG11","PG",2023-04-21,2023-03-31,1.37,0.05,3.7879,"1.32","pre-market",16.86,7.42006693726411,6268840.59375,16.21,-5.80870014199045,6231673.41935484
"PG12","PG",2023-01-19,2022-12-31,1.59,0,0,"1.59","pre-market",8.76000000000002,-1.54663438907942,6665654.9,10.39,-1.64677970832462,6798233.80645161
"PG13","PG",2022-10-19,2022-09-30,1.57,0.02,1.2903,"1.55","pre-market",19.62,-5.52693553135119,6812834.38709677,24.29,14.4105135217259,6645619.34375
"PG14","PG",2022-07-29,2022-06-30,1.21,-0.02,-1.626,"1.23","pre-market",19.11,7.67216929677843,7386724.90322581,15.34,-0.233330976454792,6621905.16129032
"PG15","PG",2022-04-20,2022-03-31,1.33,0.04,3.1008,"1.29","pre-market",18.18,3.18467214706453,7126445.12903226,25.72,-9.10280373831776,8052868.84375
"CRM01","CRM",2025-09-03,2025-07-31,2.91,0.13,4.6763,"2.78","post-market",47.52,-4.08163265306122,7409941.25806452,24.49,-4.69693405473222,10377586.4848485
"CRM02","CRM",2025-05-28,2025-04-30,2.58,0.03,1.1765,"2.55","post-market",63.28,6.61153846153846,5844828.56666667,24.31,-7.07212559864606,8965922.67741936
"CRM03","CRM",2025-02-26,2025-01-31,2.78,0.17,6.5134,"2.61","post-market",66.47,-2.7717736808646,6561208.2,83.7,-18.4417578199962,8016654.63636364
"CRM04","CRM",2024-12-03,2024-10-31,2.41,-0.04,-1.6327,"2.45","post-market",66.2424,14.5363321799308,5448471.7,55.2,-0.867440439828948,6647614.19354839
"CRM05","CRM",2024-08-28,2024-07-31,2.56,0.2,8.4746,"2.36","post-market",35.09,3.19506288571206,4930388.84375,51.1899,10.0332276668067,6221106.75
"CRM06","CRM",2024-05-29,2024-04-30,2.44,0.07,2.9536,"2.37","post-market",23.47,-4.63349119954761,5058214,60.865,-5.23507462686567,12007476.1935484
"CRM07","CRM",2024-02-28,2024-01-31,2.29,0.02,0.8811,"2.27","post-market",39.6999,11.0493140526511,4981203.73333333,26.615,-1.75579144135122,6040240.28125
"CRM08","CRM",2023-11-29,2023-10-31,2.11,0.05,2.4272,"2.06","post-market",32.54,9.26933540614068,4144266.41935484,47.98,18.949302305236,6725859.22580645
"CRM09","CRM",2023-08-30,2023-07-31,2.12,0.22,11.5789,"1.9","post-market",38.02,-7.53795149188623,4465239.28125,31.37,-3.39047079378571,5087979.875
"CRM10","CRM",2023-05-31,2023-04-30,1.69,0.08,4.9689,"1.61","post-market",31.57,12.149005943841,5047584.22580645,27.42,4.45456615805056,8025672.41935484
"CRM11","CRM",2023-03-01,2023-01-31,1.68,0.32,23.5294,"1.36","post-market",35.68,9.3649732620321,8243310.1,37.02,19.4245045708326,8522444.96875
"CRM12","CRM",2022-11-30,2022-10-31,1.4,0.18,14.7541,"1.22","post-market",29.99,3.84062435818444,7235751.96774194,33.91,-0.822553897180769,11747944.2580645
"CRM13","CRM",2022-08-24,2022-07-31,1.19,0.16,15.534,"1.03","post-market",36.72,1.14942528735632,4494383.625,37.48,-14.9317937397408,7997892.3125
"CRM14","CRM",2022-05-31,2022-04-30,0.98,0.04,4.2553,"0.94","post-market",38.75,-12.3207647371216,7588517.43333333,35.0299,0.251557259223759,8611968.75
"CRM15","CRM",2022-03-01,2022-01-31,0.84,0.09,12,"0.75","post-market",50.05,-7.84416721383234,7676253.75862069,32.955,-11.2417994376757,6743895.09090909
"SHW01","SHW",2025-10-28,2025-09-30,3.59,0.12,3.4582,"3.47","pre-market",31.83,-6.66000111092596,1942036.41935484,50.395,-3.65434523392019,2175384.68181818
"SHW02","SHW",2025-07-22,2025-06-30,3.38,-0.43,-11.2861,"3.81","pre-market",33.5299,-4.67279278272769,1576044.13793103,52.11,12.3706363334641,2046135.81818182
"SHW03","SHW",2025-04-29,2025-03-31,2.25,0.09,4.1667,"2.16","pre-market",45.1,-2.17903415783275,1985674.13333333,30.45,-2.72806255430061,1454892.06060606
"SHW04","SHW",2025-01-30,2024-12-31,2.09,0.03,1.4563,"2.06","pre-market",41.14,-1.5811032222829,1525281.17241379,30.81,-5.67162531394033,1972443
"SHW05","SHW",2024-10-22,2024-09-30,3.37,-0.17,-4.8023,"3.54","pre-market",32.34,5.20876395204629,1120559.29032258,42.83,1.60338889108832,2341436.57575758
"SHW06","SHW",2024-07-23,2024-06-30,3.7,0.22,6.3218,"3.48","pre-market",39.6599,10.8303249097473,1724179.96551724,39.5,6.43952802359882,1641349.12121212
"SHW07","SHW",2024-04-23,2024-03-31,2.17,-0.04,-1.81,"2.21","pre-market",43.4589,-9.1186928796027,1255534.63333333,40.9,-1.97428062988953,1914801.75757576
"SHW08","SHW",2024-01-25,2023-12-31,1.81,0.01,0.5556,"1.8","pre-market",24.09,2.75085324232082,1484510.7,55.71,15.4881355932203,1466420
"SHW09","SHW",2023-10-24,2023-09-30,3.2,0.43,15.5235,"2.77","pre-market",38.3,-12.2582542834032,1376593.16129032,60.78,18.2938775510204,1515323.42424242
"SHW10","SHW",2023-07-25,2023-06-30,3.29,0.6,22.3048,"2.69","pre-market",31.1306,10.9032978855464,1337175.10344828,19.47,-1.33037694013305,1446515.87878788
"SHW11","SHW",2023-04-25,2023-03-31,2.04,0.26,14.6067,"1.78","pre-market",31.65,11.6375648890986,1394790.3,24.01,1.12567204301074,1439993.60606061
"SHW12","SHW",2023-01-26,2022-12-31,1.89,0.02,1.0695,"1.87","pre-market",39.14,-2.98021046018533,1180446.03333333,34.34,-3.03442028985508,1871408.35483871
"SHW13","SHW",2022-10-25,2022-09-30,2.83,0.27,10.5469,"2.56","pre-market",49.58,-12.1522754515769,1483902.09677419,47.8199,12.4410849266341,1626927.03030303
"SHW14","SHW",2022-07-27,2022-06-30,2.41,-0.36,-12.9964,"2.77","pre-market",49.015,5.31787119486436,1615473.03333333,38.18,6.26022370573412,1697658.3125
"SHW15","SHW",2022-04-26,2022-03-31,1.61,0.07,4.5455,"1.54","pre-market",33.365,5.60333815890317,1430473.66666667,37.78,-7.94701986754966,2011683.15151515
"TRV01","TRV",2025-10-16,2025-09-30,8.14,2.56,45.8781,"5.58","pre-market",21.48,-0.667256506672566,1081125.96875,44.59,16.5934283452098,1419584.56666667
"TRV02","TRV",2025-07-17,2025-06-30,6.51,2.89,79.8343,"3.62","pre-market",28.64,-7.76461122083242,1216533.5483871,27.74,7.86191005879548,1272951.375
"TRV03","TRV",2025-04-16,2025-03-31,1.91,1.14,148.0519,"0.77","pre-market",36.305,-3.51304347826087,1545761.96875,29.84,7.78372884006411,1250057.67741935
"TRV04","TRV",2025-01-22,2024-12-31,9.15,2.55,38.6364,"6.6","pre-market",31.3999,-8.49052994069257,1403141.85714286,26.125,2.87425149700598,1273278.59375
"TRV05","TRV",2024-10-17,2024-09-30,5.24,1.65,45.961,"3.59","pre-market",19.17,7.38596181046675,1180582.8125,27.685,5.15415019762847,1266762.03225806
"TRV06","TRV",2024-07-19,2024-06-30,2.51,0.53,26.7677,"1.98","pre-market",24.55,5.34358435604794,1269662.06451613,25.26,6.41067512714038,1178057.38709677
"TRV07","TRV",2024-04-17,2024-03-31,4.69,-0.21,-4.2857,"4.9","pre-market",15.77,2.13311361347615,1127663.90322581,17.91,4.67062962513648,1314601.78125
"TRV08","TRV",2024-01-19,2023-12-31,7.01,1.92,37.721,"5.09","pre-market",19.35,8.19877809295222,1387702.5,17.29,4.18509535359299,1696613.51612903
"TRV09","TRV",2023-10-18,2023-09-30,1.95,-1.06,-35.2159,"3.01","pre-market",11.09,4.34996919285274,1212417.96774194,24.9999,7.20471281296023,1445015
"TRV10","TRV",2023-07-20,2023-06-30,0.06,-2.02,-97.1154,"2.08","pre-market",13.22,-2.94201331588231,1276012.96774194,16.99,-6.61680092059839,1181643.03125
"TRV11","TRV",2023-04-19,2023-03-31,3.21,-0.34,-9.5775,"3.55","pre-market",23.48,-6.23125988115358,1654738.93548387,17.53,-3.99100926484294,1223788.5
"TRV12","TRV",2023-01-24,2022-12-31,3.4,0,0,"3.4","pre-market",13.3,0.393255400527942,1249903.46428571,21.935,-5.55854209224815,1396375.33333333
"TRV13","TRV",2022-10-19,2022-09-30,2.2,0.64,41.0256,"1.56","pre-market",18.0433,1.86293672123138,1322518.22580645,24.01,12.9895678092399,1496352.90625
"TRV14","TRV",2022-07-21,2022-06-30,2.57,0.6,30.4569,"1.97","pre-market",24.165,-9.63614554178329,1171940.74193548,22.66,3.51189718793739,1141546.875
"TRV15","TRV",2022-04-19,2022-03-31,4.22,0.61,16.8975,"3.61","pre-market",19.7,7.80513357778942,1312267.83333333,17.2094,-4.3437671609006,1426641.87878788
"UNH01","UNH",2025-10-28,2025-09-30,2.92,0.11,3.9146,"2.81","pre-market",43.62,4.19211114432535,8572928.32258064,76.47,-13.4023326678575,9232342.86363636
"UNH02","UNH",2025-07-29,2025-06-30,4.08,-0.37,-8.3146,"4.45","pre-market",48.33,-9.86581469648562,12751893.8275862,127.71,32.672186676703,20265539.1212121
"UNH03","UNH",2025-04-17,2025-03-31,6.85,-0.08,-1.1544,"6.93","pre-market",141.1525,23.3298901701204,5273134.27272727,240.91,-37.356572258533,24331545.4666667
"UNH04","UNH",2025-01-16,2024-12-31,6.81,0.07,1.0386,"6.74","pre-market",147.01,-11.4951140065147,6123821.36666667,115.41,-10.4440463844631,5170702.16666667
"UNH05","UNH",2024-10-15,2024-09-30,6.51,-0.09,-1.3636,"6.6","pre-market",42.63,2.17376628637008,2858210.13333333,87.73,10.5394732074925,3521033.12121212
"UNH06","UNH",2024-07-16,2024-06-30,6.8,0.17,2.5641,"6.63","pre-market",52.72,4.29846396697226,4319459.20689655,66.125,10.5450458887432,3540872.67647059
"UNH07","UNH",2024-04-16,2024-03-31,6.91,0.29,4.3807,"6.62","pre-market",59.82,-7.78288221173744,4476374.06666667,62.5599999999999,3.90125217610169,4042678.93939394
"UNH08","UNH",2024-01-12,2023-12-31,6.16,0.17,2.8381,"5.99","pre-market",38.83,-1.09048256144274,3178882.80645161,53.8099999999999,1.24503719693174,4161127.96666667
"UNH09","UNH",2023-10-13,2023-09-30,6.56,0.21,3.3071,"6.35","pre-market",56.46,6.93226443119619,2977595.625,30.8090999999999,1.93905297702767,2507156.70967742
"UNH10","UNH",2023-07-14,2023-06-30,6.14,0.16,2.6756,"5.98","pre-market",57.22,-6.06906100528657,4423298,55.75,6.21122040860447,2996543.9375
"UNH11","UNH",2023-04-14,2023-03-31,6.26,0.18,2.9605,"6.08","pre-market",72.8600000000001,9.02479955248928,3307384.40625,54.696,-7.75478927203065,2673509.16129032
"UNH12","UNH",2023-01-13,2022-12-31,5.34,0.17,3.2882,"5.17","pre-market",70.32,-6.77111742246129,3246338.87096774,45.61,-0.573944169015248,3770434.8
"UNH13","UNH",2022-10-14,2022-09-30,5.79,0.35,6.4338,"5.44","pre-market",47.28,-3.86493467317734,2646557.96875,57.3276,2.35961538461538,3187815.35483871
"UNH14","UNH",2022-07-15,2022-06-30,5.57,0.36,6.9098,"5.21","pre-market",78.6691,-0.236289265716214,3678820.80645161,41.9899,0.705242747975523,2337729.4375
"UNH15","UNH",2022-04-14,2022-03-31,5.49,0.14,2.6168,"5.35","pre-market",83.3597,15.2731565954706,3221356.84848485,89.96,-5.82915506035283,3100486.87096774
"VZ01","VZ",2025-10-29,2025-09-30,1.17,0,0,"1.17","pre-market",6.02,-10.7377979568672,25910201.21875,2.95999999999999,-0.17102369899829,30980737.0952381
"VZ02","VZ",2025-07-21,2025-06-30,1.22,0.03,2.521,"1.19","pre-market",3.7099,-5.89861751152073,18412448.2413793,4.07,5.31585220500595,17727209.3030303
"VZ03","VZ",2025-04-22,2025-03-31,1.15,0.02,1.7699,"1.13","pre-market",6.48,-6.79548415110726,28801447.7,3.20999999999999,4.31055013098356,16503134.6363636
"VZ04","VZ",2025-01-24,2024-12-31,1.18,0.13,12.381,"1.05","pre-market",5.06,-7.52891196601368,21258593.1034483,8.214,15.9062577910746,23877396.6451613
"VZ05","VZ",2024-10-22,2024-09-30,1.19,0.01,0.8475,"1.18","pre-market",4.1,5.91371788657296,17900428.3225806,4.6558,1.1217183770883,18490628.7272727
"VZ06","VZ",2024-07-22,2024-06-30,1.15,0,0,"1.15","pre-market",3.57,1.1175898931001,16790537.3103448,4.57,3.40425531914893,18062866.2424242
"VZ07","VZ",2024-04-22,2024-03-31,1.15,0.03,2.6786,"1.12","pre-market",4.28,2.22166119666751,18286615.8666667,3.16,-0.169082125603865,17509431.6969697
"VZ08","VZ",2024-01-23,2023-12-31,1.08,0,0,"1.08","pre-market",3.91,3.3690258553147,22483567.0714286,3.948,-3.79839298758218,19366411.8787879
"VZ09","VZ",2023-10-24,2023-09-30,1.22,0.04,3.3898,"1.18","pre-market",4.245,-6.8545994065282,22551565.5483871,5.91,15.3846153846154,22099158.2424242
"VZ10","VZ",2023-07-25,2023-06-30,1.21,0.04,3.4188,"1.17","pre-market",6.43,-4.71116096466629,27555814.2413793,2.965,-3.43533487297921,21763213.4848485
"VZ11","VZ",2023-04-25,2023-03-31,1.2,0.01,0.8403,"1.19","pre-market",4.085,1.53256704980844,19065852.4,5.46,-3.37782620539363,21091770.1515152
"VZ12","VZ",2023-01-24,2022-12-31,1.19,0,0,"1.19","pre-market",6.003,5.14725391350492,26457378.75,5.586,-5.19514086327216,18835735.7272727
"VZ13","VZ",2022-10-21,2022-09-30,1.32,0.03,2.3256,"1.29","pre-market",7.81,-10.5199516324063,24608411.8787879,4.8085,4.36373873873873,22774147.1612903
"VZ14","VZ",2022-07-22,2022-06-30,1.31,-0.02,-1.5038,"1.33","pre-market",5.5,-6.82306940371457,19297465.0645161,5.35,-10.1196953210011,20389064.483871
"VZ15","VZ",2022-04-22,2022-03-31,1.35,0.03,2.2727,"1.32","pre-market",4.71,0.0909752547307081,25839123.375,7.9911,-4.11676646706586,24332935.0322581
"V01","V",2025-10-28,2025-09-30,2.98,0.01,0.3367,"2.97","post-market",21.53,2.11679046416722,6050152.38709677,32.98,-4.03063859085433,6697936.80952381
"V02","V",2025-07-29,2025-06-30,2.98,0.13,4.5614,"2.85","post-market",25.3,-0.286123032904144,6774144.34482759,29.62,-4.73210025540992,5978909.24242424
"V03","V",2025-04-29,2025-03-31,2.76,0.08,2.9851,"2.68","post-market",52.86,2.26646062479169,7474730.5,42.27,4.23929098966027,5662739.39393939
"V04","V",2025-01-30,2024-12-31,2.75,0.0889,3.3407,"2.6611","post-market",33.99,6.71665501683929,6357895.24137931,40.1592,-2.27091985508526,6965817
"V05","V",2024-10-29,2024-09-30,2.65,0.08,3.1128,"2.57","post-market",24.84,-1.34004513105364,6812846.96774194,36.07,10.7186829422732,5779206.03030303
"V06","V",2024-07-23,2024-06-30,2.42,0,0,"2.42","post-market",21.88,-3.74991011720716,9102887.31034483,29.39,4.42567188726499,8297358.21212121
"V07","V",2024-04-23,2024-03-31,2.51,0.07,2.8689,"2.44","post-market",22.67,-2.54786187153337,6644328.43333333,16.5,1.70066785883728,7148429.42424242
"V08","V",2024-01-25,2023-12-31,2.41,0.07,2.9915,"2.34","post-market",18.414,6.52941176470587,5696862.93333333,20.53,2.97481154624013,5368283.41935484
"V09","V",2023-10-24,2023-09-30,2.33,0.09,4.0179,"2.24","post-market",22.28,-6.38822625641855,5923369.29032258,29.355,9.81149899093994,5908427.87878788
"V10","V",2023-07-25,2023-06-30,2.16,0.04,1.8868,"2.12","post-market",24,7.27685931999466,6634471.31034483,21.19,3.02891425714523,4659229.51515152
"V11","V",2023-04-25,2023-03-31,2.09,0.1,5.0251,"1.99","post-market",26.808,8.44709500069887,7029089.16666667,18.88,-4.05973736159987,6237580.06060606
"V12","V",2023-01-26,2022-12-31,2.18,0.17,8.4577,"2.01","post-market",27.87,7.0952380952381,5995933.43333333,18.82,-4.36283185840709,5556961.5483871
"V13","V",2022-10-25,2022-09-30,1.93,0.06,3.2086,"1.87","post-market",32.59,-7.64648910411622,7192745.29032258,27.93,9.34143657987111,7861911.21212121
"V14","V",2022-07-26,2022-06-30,1.98,0.23,13.1429,"1.75","post-market",32.16,11.0264780558578,5940194.06896552,21.21,-4.04489127893383,5918281
"V15","V",2022-04-26,2022-03-31,1.79,0.14,8.4848,"1.65","post-market",31.08,5.81090615865336,7149565.6,34.98,-3.60904435211131,7629725.51515152
"WMT01","WMT",2025-11-20,2025-10-31,0.62,0.02,3.3333,"0.6","pre-market",10.695,-1.2465645857872,15587796.4545455,5.47,2.9440061573985,38632185.25
"WMT02","WMT",2025-08-21,2025-07-31,0.68,-0.06,-8.1081,"0.74","pre-market",10.49,4.41820217856051,14500344.6666667,10.69,2.67578714415048,17543581.6129032
"WMT03","WMT",2025-05-15,2025-04-30,0.61,0.03,5.1724,"0.58","pre-market",19.93,14.2402076451156,22001259.6875,9,3.14952279957582,18489922.2333333
"WMT04","WMT",2025-02-20,2025-01-31,0.66,0.01,1.5385,"0.65","pre-market",15.18,14.4996146647583,15307014.0333333,17.47,-15.7825470743065,26590913.4375
"WMT05","WMT",2024-11-19,2024-10-31,0.58,0.05,9.434,"0.53","pre-market",6.81,4.20126409716198,12745240.516129,10.27,5.2765858749855,18456984.2258065
"WMT06","WMT",2024-08-15,2024-07-31,0.67,0.02,3.0769,"0.65","pre-market",4.66,1.13418765650316,14880711.3125,9.08,7.63626551538046,17609787.6451613
"WMT07","WMT",2024-05-16,2024-04-30,0.6,0.08,15.3846,"0.52","pre-market",2.79,-0.795887912452336,14387682.3636364,6.10000000000001,5.4344440984117,17301162.7333333
"WMT08","WMT",2024-02-20,2024-01-31,1.8,0.16,9.7561,"1.64","pre-market",15.255,8.71729419272497,5896475.5862069,123.17,-66.466831017481,17443158.3030303
"WMT09","WMT",2023-11-16,2023-10-31,1.53,0.02,1.3245,"1.51","pre-market",18.29,6.45181516082513,5425828,9.91,-0.692913385826768,9844343.23333333
"WMT10","WMT",2023-08-17,2023-07-31,1.84,0.15,8.8757,"1.69","pre-market",9.33000000000001,1.56240035712007,4732536.375,10.8299,-0.60285891858297,5815037.48387097
"WMT11","WMT",2023-05-18,2023-04-30,1.47,0.17,13.0769,"1.3","pre-market",7.32999999999998,1.21843904420227,5177897.9375,13.22,3.54413702239789,6651543.6
"WMT12","WMT",2023-02-21,2023-01-31,1.71,0.19,12.5,"1.52","pre-market",9.69000000000003,0.0820120284308396,5355572.4137931,14.9476,5.54311310190371,7763191.87878788
"WMT13","WMT",2022-11-15,2022-10-31,1.5,0.18,13.6364,"1.32","pre-market",16.005,6.25767813267811,5657591.90322581,13.83,-2.62344619188244,6892452.3125
"WMT14","WMT",2022-08-16,2022-07-31,0.59,0,0,"0.59","pre-market",14.17,8.50175926683577,8411561.36666667,14.45,-6.62347012239022,7461396.33333333
"WMT15","WMT",2022-05-17,2022-04-30,0.4333,0.0033,0.7674,"0.43","pre-market",14.63,-1.78914584851898,7428516.73333333,20.17,-10.1150773290332,11287561.78125
