"earningsid","period","strong_financial_metrics","revenue_profit_growth","reasonable_valuation","healthy_roe","strong_cashflow_low_debt","positive_dividend_history","quality_management","competitive_advantage_moat","industry_leadership_and_trends","new_products_or_services","clear_positive_rating","risk_assessment_present","forward_looking_outlook","overall_good_stock_narrative","sentiment_signal","composite_score"
"AAPL01","POST",1,1,0,1,1,1,1,1,1,1,1,1,1,1,1,0.933333333333333
"AAPL01","PRE",1,1,1,1,0,1,1,1,1,1,1,1,1,1,1,0.933333333333333
"AAPL02","POST",1,1,1,1,1,1,1,1,1,1,1,1,1,1,1,1
"AAPL02","PRE",1,1,1,1,0,1,1,1,1,1,1,1,1,1,1,0.933333333333333
"AAPL03","POST",1,1,1,1,1,1,1,1,1,1,1,1,1,1,1,1
"AAPL03","PRE",1,1,1,1,1,1,1,1,1,1,1,1,1,1,1,1
"AAPL04","POST",1,1,1,1,0,1,1,1,1,1,1,1,1,1,1,0.933333333333333
"AAPL04","PRE",1,1,1,1,0,1,1,1,1,1,1,1,1,1,1,0.933333333333333
"AAPL05","POST",0,0,0,0,0,0,0,0,0,0,0,0,0,0,0,0
"AAPL05","PRE",1,1,1,0,1,1,1,1,1,1,1,1,1,1,1,0.933333333333333
"AAPL06","POST",1,1,1,0,1,1,1,1,1,1,1,1,1,1,1,0.933333333333333
"AAPL06","PRE",1,1,1,0,1,1,1,1,1,1,1,1,1,1,1,0.933333333333333
"AAPL07","POST",1,1,1,1,1,1,1,1,1,1,1,1,1,1,1,1
"AAPL07","PRE",1,1,1,0,0,0,0,1,1,1,1,1,1,1,1,0.733333333333333
"AAPL08","POST",1,1,1,0,1,1,1,1,1,1,1,1,1,1,1,0.933333333333333
"AAPL08","PRE",1,1,1,0,0,1,0,1,1,1,0,1,1,1,1,0.733333333333333
"AAPL09","POST",1,1,1,0,1,0,1,1,1,1,1,1,1,1,1,0.866666666666667
"AAPL09","PRE",1,0,0,0,1,0,1,1,1,1,1,1,1,1,1,0.733333333333333
"AAPL10","POST",0,0,0,0,0,0,0,0,0,0,0,0,0,0,0,0
"AAPL10","PRE",1,1,1,0,0,1,1,1,1,1,1,1,1,1,1,0.866666666666667
"AAPL11","POST",1,1,1,0,1,1,1,1,1,1,1,1,1,1,1,0.933333333333333
"AAPL11","PRE",1,1,0,0,1,0,0,1,1,0,1,1,1,1,1,0.666666666666667
"AAPL12","POST",0,1,1,0,0,0,1,1,1,1,1,1,1,1,1,0.733333333333333
"AAPL12","PRE",1,1,0,1,0,0,0,1,1,1,1,1,1,1,1,0.733333333333333
"AAPL13","POST",1,1,1,0,0,0,1,1,1,1,1,0,1,1,1,0.733333333333333
"AAPL13","PRE",1,1,0,0,0,0,0,1,1,0,0,1,1,1,1,0.533333333333333
"AAPL14","POST",1,1,1,0,0,0,0,1,1,0,1,1,1,1,1,0.666666666666667
"AAPL14","PRE",1,1,1,0,1,0,0,1,1,1,1,1,1,1,1,0.8
"AAPL15","POST",1,1,1,0,1,0,1,1,1,1,1,1,1,1,1,0.866666666666667
"AAPL15","PRE",1,1,0,0,0,0,0,0,1,1,0,1,1,1,1,0.533333333333333
"AMGN01","POST",0,1,1,0,0,0,0,0,1,1,1,1,1,1,1,0.6
"AMGN01","PRE",0,0,0,0,0,0,0,1,1,1,0,1,1,1,1,0.466666666666667
"AMGN02","POST",1,1,0,0,0,0,0,1,1,1,1,1,1,1,1,0.666666666666667
"AMGN02","PRE",1,1,0,0,0,1,0,0,1,1,1,0,1,1,1,0.6
"AMGN03","POST",1,1,0,0,0,0,0,1,1,1,1,1,1,1,1,0.666666666666667
"AMGN03","PRE",1,1,1,0,1,1,1,1,1,1,1,1,1,1,1,0.933333333333333
"AMGN04","POST",1,1,0,0,0,0,1,1,1,1,1,1,1,1,1,0.733333333333333
"AMGN04","PRE",1,1,1,0,0,1,0,0,1,1,0,1,1,1,1,0.666666666666667
"AMGN05","POST",1,1,0,0,0,0,1,1,1,1,1,0,1,1,1,0.666666666666667
"AMGN05","PRE",0,0,0,0,0,0,0,0,1,0,0,0,1,1,1,0.266666666666667
"AMGN06","POST",1,1,1,0,0,0,1,1,1,1,1,1,1,1,1,0.8
"AMGN06","PRE",1,1,0,0,0,1,0,0,1,0,1,0,1,1,1,0.533333333333333
"AMGN07","POST",1,1,0,0,0,0,1,1,1,1,1,0,1,1,1,0.666666666666667
"AMGN07","PRE",0,1,0,0,0,1,0,0,0,1,0,1,1,1,1,0.466666666666667
"AMGN08","POST",1,1,1,0,0,1,1,1,1,1,1,0,1,1,1,0.8
"AMGN08","PRE",0,0,0,0,0,0,1,0,0,1,0,1,1,1,1,0.4
"AMGN09","POST",1,1,1,0,0,1,0,1,1,1,1,1,1,1,1,0.8
"AMGN09","PRE",1,0,1,0,0,1,0,1,1,1,1,1,1,1,1,0.733333333333333
"AMGN10","POST",1,1,1,0,0,1,1,1,1,1,1,1,1,1,1,0.866666666666667
"AMGN10","PRE",1,1,1,1,0,1,0,1,1,1,1,1,1,1,1,0.866666666666667
"AMGN11","POST",1,1,0,0,0,0,1,0,0,0,1,1,1,1,1,0.533333333333333
"AMGN11","PRE",1,1,0,0,0,1,1,1,1,1,1,1,1,1,1,0.8
"AMGN12","POST",1,1,1,0,0,1,1,1,1,1,0,0,1,1,1,0.733333333333333
"AMGN12","PRE",1,1,0,0,0,0,0,0,1,0,1,1,1,1,1,0.533333333333333
"AMGN13","POST",1,1,0,0,0,1,1,0,1,1,1,0,1,1,1,0.666666666666667
"AMGN13","PRE",0,1,0,0,0,1,0,1,1,1,1,1,1,1,1,0.666666666666667
"AMGN14","POST",1,1,0,0,0,1,1,0,1,1,1,1,1,1,1,0.733333333333333
"AMGN14","PRE",1,1,1,0,0,0,1,1,1,1,1,1,1,1,1,0.8
"AMGN15","POST",1,1,0,0,0,1,0,0,0,1,1,1,1,1,1,0.6
"AMGN15","PRE",1,1,1,0,0,1,1,1,1,1,1,1,1,1,1,0.866666666666667
"AMZN01","POST",1,1,1,0,1,1,1,1,1,1,1,1,1,1,1,0.933333333333333
"AMZN01","PRE",1,1,1,1,1,0,1,1,1,1,1,1,1,1,1,0.933333333333333
"AMZN02","POST",1,1,1,1,1,1,1,1,1,1,1,1,1,1,1,1
"AMZN02","PRE",1,1,1,1,1,0,1,1,1,1,1,1,1,1,1,0.933333333333333
"AMZN03","POST",1,1,1,1,1,1,1,1,1,1,1,1,1,1,1,1
"AMZN03","PRE",1,1,1,1,1,0,1,1,1,1,1,1,1,1,1,0.933333333333333
"AMZN04","POST",1,1,1,0,0,1,1,1,1,1,1,1,1,1,1,0.866666666666667
"AMZN04","PRE",1,1,1,0,1,0,1,1,1,1,1,1,1,1,1,0.866666666666667
"AMZN05","POST",1,1,1,0,1,0,1,1,1,1,1,1,1,1,1,0.866666666666667
"AMZN05","PRE",1,1,1,0,0,1,1,1,1,1,1,1,1,1,1,0.866666666666667
"AMZN06","POST",1,1,1,0,1,1,1,1,1,1,1,1,1,1,1,0.933333333333333
"AMZN06","PRE",1,1,0,0,0,1,1,1,1,1,1,1,1,1,1,0.8
"AMZN07","POST",1,1,1,0,1,1,1,1,1,1,1,1,1,1,1,0.933333333333333
"AMZN07","PRE",1,1,1,0,1,1,0,1,1,1,1,1,1,1,1,0.866666666666667
"AMZN08","POST",1,1,1,0,1,1,1,1,1,1,1,1,1,1,1,0.933333333333333
"AMZN08","PRE",1,1,1,0,0,0,1,1,1,1,1,1,1,1,1,0.8
"AMZN09","POST",1,1,1,0,1,0,1,1,1,1,1,1,1,1,1,0.866666666666667
"AMZN09","PRE",1,1,1,0,0,1,0,1,1,1,1,1,1,1,1,0.8
"AMZN10","POST",1,1,1,0,0,0,1,1,1,1,1,0,1,1,1,0.733333333333333
"AMZN10","PRE",1,1,1,0,0,0,0,1,1,1,1,1,1,1,1,0.733333333333333
"AMZN11","POST",1,1,0,0,1,0,1,1,1,1,1,1,1,1,1,0.8
"AMZN11","PRE",1,1,1,0,0,0,1,1,1,1,1,1,1,1,1,0.8
"AMZN12","POST",1,1,1,0,1,0,1,1,1,1,1,1,1,1,1,0.866666666666667
"AMZN12","PRE",1,1,1,0,0,0,1,1,1,1,1,1,1,1,1,0.8
"AMZN13","POST",1,1,0,0,0,0,1,1,1,1,1,1,1,1,1,0.733333333333333
"AMZN13","PRE",1,1,1,0,0,0,1,1,1,1,1,1,1,1,1,0.8
"AMZN14","POST",1,1,1,0,0,0,1,1,1,1,1,1,1,1,1,0.8
"AMZN14","PRE",1,1,1,1,1,1,1,1,1,1,1,1,1,1,1,1
"AMZN15","POST",1,1,1,0,1,1,1,1,1,1,1,1,1,1,1,0.933333333333333
"AMZN15","PRE",1,1,1,0,1,0,1,1,1,0,1,1,1,1,1,0.8
"AXP01","POST",1,1,1,0,1,1,1,1,1,1,1,1,1,1,1,0.933333333333333
"AXP01","PRE",1,1,1,0,0,0,1,1,1,1,1,1,1,1,1,0.8
"AXP02","POST",1,1,0,1,1,1,1,1,1,1,1,1,1,1,1,0.933333333333333
"AXP02","PRE",1,1,1,0,1,0,1,1,1,1,1,0,1,1,1,0.8
"AXP03","POST",1,1,1,0,0,1,1,1,1,0,1,1,1,1,1,0.8
"AXP03","PRE",1,1,1,0,1,1,0,1,1,1,1,1,1,1,1,0.866666666666667
"AXP04","POST",1,1,0,0,0,1,1,1,1,1,1,1,1,1,1,0.8
"AXP04","PRE",1,1,1,1,1,1,1,1,1,1,1,1,1,1,1,1
"AXP05","POST",1,1,1,0,0,1,1,1,1,1,1,1,1,1,1,0.866666666666667
"AXP05","PRE",1,1,1,1,1,1,1,1,1,1,1,1,1,1,1,1
"AXP06","POST",1,1,1,1,1,1,1,1,1,1,1,1,1,1,1,1
"AXP06","PRE",1,1,1,1,1,1,1,1,1,1,1,1,1,1,1,1
"AXP07","POST",1,1,1,0,1,1,1,1,1,1,1,1,1,1,1,0.933333333333333
"AXP07","PRE",1,1,0,0,1,1,1,1,0,0,1,0,1,1,1,0.666666666666667
"AXP08","POST",1,1,1,1,1,1,1,1,1,1,1,1,1,1,1,1
"AXP08","PRE",1,1,1,0,1,1,1,1,1,1,1,1,1,1,1,0.933333333333333
"AXP09","POST",1,1,0,0,0,1,0,1,1,0,1,1,1,1,1,0.666666666666667
"AXP09","PRE",1,1,0,0,1,0,1,1,1,1,1,1,1,1,1,0.8
"AXP10","POST",1,1,1,1,1,1,1,1,1,0,1,1,1,1,1,0.933333333333333
"AXP10","PRE",1,1,1,0,0,0,1,1,1,0,1,1,1,1,1,0.733333333333333
"AXP11","POST",1,1,1,0,0,1,1,1,1,0,1,1,1,1,1,0.8
"AXP11","PRE",1,1,1,0,1,1,1,1,1,1,1,1,1,1,1,0.933333333333333
"AXP12","POST",1,1,0,0,0,1,1,1,1,0,1,1,1,1,1,0.733333333333333
"AXP12","PRE",1,1,1,0,0,0,1,1,1,1,1,1,1,1,1,0.8
"AXP13","POST",1,1,0,0,0,0,1,1,1,0,1,1,1,1,1,0.666666666666667
"AXP13","PRE",1,1,0,0,0,0,1,1,1,0,1,1,1,1,1,0.666666666666667
"AXP14","POST",1,1,1,0,1,1,1,1,1,1,1,1,1,1,1,0.933333333333333
"AXP14","PRE",0,0,0,0,0,0,0,0,0,1,0,1,1,1,1,0.333333333333333
"AXP15","POST",1,1,0,0,0,0,1,0,1,0,1,1,1,1,1,0.6
"AXP15","PRE",1,1,1,0,0,0,1,1,1,0,1,1,1,1,1,0.733333333333333
"BA01","POST",1,1,0,0,1,1,1,1,1,1,1,1,1,1,1,0.866666666666667
"BA01","PRE",1,1,1,0,1,0,0,1,1,1,1,1,1,1,1,0.8
"BA02","POST",1,1,0,0,1,1,1,1,1,0,1,1,1,1,1,0.8
"BA02","PRE",1,1,0,0,0,1,1,1,1,1,1,1,1,1,1,0.8
"BA03","POST",1,1,1,0,1,0,1,1,1,1,1,1,1,1,1,0.866666666666667
"BA03","PRE",1,1,0,1,1,1,1,1,1,1,1,1,1,1,1,0.933333333333333
"BA04","POST",1,1,0,1,1,1,1,1,1,1,1,1,1,1,1,0.933333333333333
"BA04","PRE",1,1,1,0,0,1,0,1,1,1,1,1,1,1,1,0.8
"BA05","POST",1,1,1,0,1,0,1,1,1,1,1,1,1,1,1,0.866666666666667
"BA05","PRE",1,1,0,0,1,1,1,1,1,1,1,1,1,1,1,0.866666666666667
"BA06","POST",1,1,0,0,1,0,1,1,1,0,1,1,1,1,1,0.733333333333333
"BA06","PRE",1,1,0,0,1,0,0,1,1,0,0,1,1,1,1,0.6
"BA07","POST",1,1,1,0,0,0,1,1,1,1,1,1,1,1,1,0.8
"BA07","PRE",0,0,0,0,0,0,0,1,1,0,0,1,1,0,0,0.266666666666667
"BA08","POST",0,1,1,0,0,0,0,1,1,1,0,1,1,1,1,0.6
"BA08","PRE",1,1,1,0,1,0,1,1,1,0,1,1,1,1,1,0.8
"BA09","POST",1,1,0,0,1,0,1,1,1,1,1,1,1,1,1,0.8
"BA09","PRE",0,0,0,0,0,0,0,0,1,1,0,1,1,0,0,0.266666666666667
"BA10","POST",1,1,1,0,1,0,1,1,1,1,1,1,1,1,1,0.866666666666667
"BA10","PRE",1,1,1,0,0,0,1,1,1,1,1,1,1,1,1,0.8
"BA11","POST",1,1,0,0,0,0,0,0,1,1,1,1,1,1,1,0.6
"BA11","PRE",1,1,0,0,0,0,0,1,1,1,0,1,1,1,1,0.6
"BA12","POST",1,1,0,0,1,0,1,1,1,1,1,1,1,1,1,0.8
"BA12","PRE",1,1,0,0,1,0,1,1,1,1,1,1,1,1,1,0.8
"BA13","POST",1,1,0,0,1,0,1,1,1,1,1,1,1,1,1,0.8
"BA13","PRE",1,1,0,0,0,0,0,1,1,1,1,1,1,1,1,0.666666666666667
"BA14","POST",1,1,1,0,0,0,1,1,1,1,1,1,1,1,1,0.8
"BA14","PRE",1,1,1,0,1,0,1,1,1,1,1,1,1,1,1,0.866666666666667
"BA15","POST",1,1,0,0,0,0,0,1,1,1,1,1,1,1,1,0.666666666666667
"BA15","PRE",1,1,0,0,0,0,1,1,1,1,0,1,1,1,1,0.666666666666667
"CAT01","POST",1,1,1,0,1,1,1,1,1,1,1,1,1,1,1,0.933333333333333
"CAT01","PRE",1,1,0,0,0,0,0,1,1,1,0,1,1,1,1,0.6
"CAT02","POST",1,1,1,0,1,1,1,1,1,0,1,1,1,1,1,0.866666666666667
"CAT02","PRE",0,0,0,0,0,0,0,0,0,0,0,0,0,0,0,0
"CAT03","POST",0,0,0,0,1,1,1,1,1,1,1,1,1,1,1,0.733333333333333
"CAT03","PRE",1,0,0,0,0,0,0,1,1,0,1,1,1,1,1,0.533333333333333
"CAT04","POST",0,0,1,0,1,0,0,1,1,1,1,1,1,1,1,0.666666666666667
"CAT04","PRE",1,0,1,0,0,1,0,1,1,1,0,1,1,1,1,0.666666666666667
"CAT05","POST",0,0,0,0,0,0,0,0,0,0,0,0,0,0,0,0
"CAT05","PRE",0,0,0,0,0,0,0,0,0,0,0,1,1,0,0,0.133333333333333
"CAT06","POST",1,0,1,0,1,1,1,1,1,0,1,1,1,1,1,0.8
"CAT06","PRE",0,0,0,0,0,1,0,1,1,0,0,0,0,1,1,0.333333333333333
"CAT07","POST",1,0,0,0,1,1,1,1,1,0,1,1,1,1,1,0.733333333333333
"CAT07","PRE",1,1,1,1,1,1,0,1,1,0,1,1,1,1,1,0.866666666666667
"CAT08","POST",1,1,0,0,1,1,1,1,1,0,1,1,1,1,1,0.8
"CAT08","PRE",0,1,0,0,0,0,0,0,0,1,0,0,1,1,1,0.333333333333333
"CAT09","POST",1,1,0,0,1,1,0,1,1,1,1,1,1,1,1,0.8
"CAT09","PRE",0,1,0,0,0,0,0,0,0,0,0,0,1,1,1,0.266666666666667
"CAT10","POST",1,1,0,0,0,1,0,1,1,1,0,1,1,1,1,0.666666666666667
"CAT10","PRE",1,1,1,0,0,1,0,0,1,0,1,1,1,1,1,0.666666666666667
"CAT11","POST",1,1,1,0,1,1,1,1,1,0,1,1,1,1,1,0.866666666666667
"CAT11","PRE",0,0,0,0,0,0,0,0,0,0,0,1,0,0,0,0.0666666666666667
"CAT12","POST",1,1,0,0,0,0,1,1,1,0,0,1,1,1,1,0.6
"CAT12","PRE",1,1,0,0,0,0,0,1,1,0,1,0,1,1,1,0.533333333333333
"CAT13","POST",1,1,0,0,0,0,1,1,1,0,1,1,1,1,1,0.666666666666667
"CAT13","PRE",1,1,1,0,0,1,0,1,1,0,1,1,1,1,1,0.733333333333333
"CAT14","POST",1,1,1,0,1,1,1,1,1,0,1,1,1,1,1,0.866666666666667
"CAT14","PRE",1,1,1,0,0,0,0,0,1,0,1,1,1,1,1,0.6
"CAT15","POST",1,1,0,0,0,1,1,1,1,0,1,1,1,1,1,0.733333333333333
"CAT15","PRE",0,0,1,0,0,0,0,0,1,0,0,1,1,1,1,0.4
"CRM15","POST",0,0,0,0,0,0,0,0,0,0,0,0,0,0,0,0
"CSCO01","POST",1,1,1,0,1,1,1,1,1,1,0,1,1,1,1,0.866666666666667
"CSCO01","PRE",1,1,1,0,1,1,0,1,1,1,1,1,1,1,1,0.866666666666667
"CSCO02","POST",1,1,1,0,1,1,0,1,1,1,1,1,1,1,1,0.866666666666667
"CSCO02","PRE",1,1,1,0,1,1,0,1,1,1,0,1,1,1,1,0.8
"CSCO03","POST",1,1,1,0,1,0,1,1,1,1,1,0,1,1,1,0.8
"CSCO03","PRE",0,0,0,0,0,0,0,0,0,0,0,0,0,0,0,0
"CSCO04","POST",1,1,0,0,1,1,1,1,1,1,1,1,1,1,1,0.866666666666667
"CSCO04","PRE",1,1,1,0,0,1,1,1,1,1,1,0,1,1,1,0.8
"CSCO05","POST",1,1,1,0,1,1,1,1,1,1,1,1,1,1,1,0.933333333333333
"CSCO05","PRE",1,1,1,0,1,1,0,1,1,1,1,1,1,1,1,0.866666666666667
"CSCO06","POST",1,1,1,0,1,1,1,1,1,1,1,1,1,1,1,0.933333333333333
"CSCO06","PRE",1,1,1,0,1,1,1,1,1,1,1,1,1,1,1,0.933333333333333
"CSCO07","POST",1,1,0,0,1,1,1,1,1,1,1,0,1,1,1,0.8
"CSCO07","PRE",1,0,1,0,0,1,1,1,1,1,0,1,1,1,1,0.733333333333333
"CSCO08","POST",1,1,1,0,0,1,1,1,1,1,1,1,1,1,1,0.866666666666667
"CSCO08","PRE",1,1,1,1,1,1,1,1,1,1,1,1,1,1,1,1
"CSCO09","POST",1,1,1,0,0,1,1,1,1,1,1,1,1,1,1,0.866666666666667
"CSCO09","PRE",0,1,0,0,0,0,0,1,1,0,0,1,1,1,1,0.466666666666667
"CSCO10","POST",1,1,1,1,0,0,0,1,1,1,1,0,1,1,1,0.733333333333333
"CSCO10","PRE",1,1,1,0,0,0,0,1,1,1,1,1,1,1,1,0.733333333333333
"CSCO11","POST",1,1,1,0,1,1,0,1,1,1,1,1,1,1,1,0.866666666666667
"CSCO11","PRE",1,1,1,0,0,0,1,1,1,1,1,1,1,1,1,0.8
"CSCO12","POST",1,1,0,0,1,1,1,1,1,1,1,1,1,1,1,0.866666666666667
"CSCO12","PRE",1,1,0,0,0,0,1,1,1,1,1,1,1,1,1,0.733333333333333
"CSCO13","POST",1,1,0,0,0,1,1,0,1,0,1,1,1,1,1,0.666666666666667
"CSCO13","PRE",1,1,1,0,0,0,0,1,1,1,1,1,1,1,1,0.733333333333333
"CSCO14","POST",1,1,1,0,0,0,0,0,0,0,1,1,1,1,1,0.533333333333333
"CSCO14","PRE",0,0,1,0,0,0,0,1,1,1,1,1,1,1,1,0.6
"CSCO15","POST",0,0,0,0,0,0,0,1,1,1,0,1,1,0,0,0.333333333333333
"CSCO15","PRE",0,0,1,0,0,1,0,0,0,0,0,1,0,1,1,0.333333333333333
"CVX01","POST",1,1,1,1,1,1,1,1,1,1,1,1,1,1,1,1
"CVX01","PRE",1,1,1,0,1,1,1,1,1,1,1,1,1,1,1,0.933333333333333
"CVX02","POST",1,1,1,0,1,1,1,1,1,1,1,1,1,1,1,0.933333333333333
"CVX02","PRE",1,1,1,0,1,1,1,1,1,1,1,1,1,1,1,0.933333333333333
"CVX03","POST",1,1,1,0,1,1,1,1,1,1,1,1,1,1,1,0.933333333333333
"CVX03","PRE",1,1,1,0,1,1,0,1,1,1,1,1,1,1,1,0.866666666666667
"CVX04","POST",1,1,1,0,1,1,1,1,1,1,1,1,1,1,1,0.933333333333333
"CVX04","PRE",1,1,1,0,1,1,0,1,1,1,1,1,1,1,1,0.866666666666667
"CVX05","POST",1,1,0,0,1,1,1,1,1,1,1,1,1,1,1,0.866666666666667
"CVX05","PRE",1,0,1,0,0,1,0,1,1,1,1,1,1,1,1,0.733333333333333
"CVX06","POST",1,1,1,0,1,1,1,1,1,1,1,1,1,1,1,0.933333333333333
"CVX06","PRE",1,0,1,0,0,1,0,1,1,0,0,1,1,1,1,0.6
"CVX07","POST",1,1,1,1,1,1,1,1,1,1,1,1,1,1,1,1
"CVX07","PRE",1,1,0,0,1,1,0,1,1,0,1,1,1,1,1,0.733333333333333
"CVX08","POST",1,1,1,1,1,1,1,1,1,1,1,1,1,1,1,1
"CVX08","PRE",0,0,0,0,1,1,1,1,1,1,1,1,1,1,1,0.733333333333333
"CVX09","POST",1,0,1,0,1,1,1,1,1,0,1,1,1,1,1,0.8
"CVX09","PRE",1,1,0,0,0,1,1,1,1,1,1,1,1,1,1,0.8
"CVX10","POST",1,1,0,0,1,1,1,1,1,1,1,1,1,1,1,0.866666666666667
"CVX10","PRE",0,0,1,0,0,1,0,0,0,0,0,1,0,0,0,0.2
"CVX11","POST",1,1,1,1,1,1,0,1,1,1,1,1,1,1,1,0.933333333333333
"CVX11","PRE",1,1,1,0,0,1,1,1,1,0,1,1,1,1,1,0.8
"CVX12","POST",1,1,1,1,1,1,1,1,1,1,1,1,1,1,1,1
"CVX12","PRE",1,1,1,0,1,1,0,0,1,0,0,1,1,1,1,0.666666666666667
"CVX13","POST",1,1,1,1,1,1,1,0,1,1,1,1,1,1,1,0.933333333333333
"CVX13","PRE",1,1,1,0,0,1,0,1,1,0,1,0,1,1,1,0.666666666666667
"CVX14","POST",1,1,0,1,1,1,1,1,1,0,1,1,1,1,1,0.866666666666667
"CVX14","PRE",1,1,1,0,1,1,1,1,1,0,1,1,1,1,1,0.866666666666667
"CVX15","POST",1,1,1,0,1,0,1,1,1,0,1,1,1,1,1,0.8
"CVX15","PRE",1,1,1,0,1,1,0,1,1,0,1,1,1,1,1,0.8
"DIS01","POST",1,1,0,0,0,0,1,1,1,1,0,1,1,1,1,0.666666666666667
"DIS01","PRE",1,1,0,0,0,1,1,1,1,1,1,1,1,1,1,0.8
"DIS02","POST",1,1,0,0,1,0,1,1,1,1,1,1,1,1,1,0.8
"DIS02","PRE",1,1,0,0,1,0,1,1,1,1,1,1,1,1,1,0.8
"DIS03","POST",1,1,0,0,0,0,1,1,1,1,1,0,1,1,1,0.666666666666667
"DIS03","PRE",1,1,0,0,0,0,0,1,1,1,1,1,1,1,1,0.666666666666667
"DIS04","POST",1,1,0,0,0,1,1,1,1,1,1,1,1,1,1,0.8
"DIS04","PRE",1,1,0,0,0,0,1,1,1,1,1,1,1,1,1,0.733333333333333
"DIS05","POST",1,1,0,0,0,0,1,1,1,1,1,1,1,1,1,0.733333333333333
"DIS05","PRE",1,1,0,0,0,0,0,1,1,1,1,1,1,1,1,0.666666666666667
"DIS06","POST",1,1,0,0,0,0,1,1,1,1,0,1,1,1,1,0.666666666666667
"DIS06","PRE",1,1,0,0,0,0,1,1,1,1,0,1,1,1,1,0.666666666666667
"DIS07","POST",1,1,0,0,0,0,1,1,1,1,1,1,1,1,1,0.733333333333333
"DIS07","PRE",0,1,1,0,0,0,1,1,1,1,1,0,1,1,1,0.666666666666667
"DIS08","POST",1,1,0,0,0,1,1,1,1,1,1,1,1,1,1,0.8
"DIS08","PRE",0,0,0,0,0,0,0,1,1,1,1,1,1,1,1,0.533333333333333
"DIS09","POST",1,1,1,0,0,0,1,1,1,1,1,1,1,1,1,0.8
"DIS09","PRE",1,1,0,0,0,0,1,1,1,1,1,1,1,1,1,0.733333333333333
"DIS10","POST",0,1,0,0,0,0,1,0,1,1,0,1,1,1,1,0.533333333333333
"DIS10","PRE",1,1,1,0,0,0,1,1,1,1,1,1,1,1,1,0.8
"DIS11","POST",1,1,0,0,0,0,1,1,1,1,1,1,1,1,1,0.733333333333333
"DIS11","PRE",0,1,0,0,0,0,1,1,1,1,1,1,1,1,1,0.666666666666667
"DIS12","POST",1,1,1,0,0,1,1,0,0,1,1,1,1,1,1,0.733333333333333
"DIS12","PRE",1,0,1,0,0,0,0,1,1,0,1,1,1,1,1,0.6
"DIS13","POST",0,1,0,0,0,0,0,1,1,1,0,1,1,1,1,0.533333333333333
"DIS13","PRE",1,1,1,0,0,0,0,1,1,0,1,1,1,1,1,0.666666666666667
"DIS14","POST",1,1,0,0,0,0,1,1,1,1,1,1,1,1,1,0.733333333333333
"DIS14","PRE",1,1,0,0,1,0,1,1,1,1,1,0,1,1,1,0.733333333333333
"DIS15","POST",1,1,1,0,0,0,1,1,1,1,1,1,1,1,1,0.8
"DIS15","PRE",1,1,0,0,0,0,0,1,1,0,0,1,1,1,1,0.533333333333333
"GS01","POST",1,1,1,1,0,0,1,1,1,1,1,1,1,1,1,0.866666666666667
"GS01","PRE",1,1,1,0,0,1,1,1,1,1,1,1,1,1,1,0.866666666666667
"GS02","POST",1,1,1,1,1,1,0,1,1,1,1,1,1,1,1,0.933333333333333
"GS02","PRE",1,1,0,1,1,1,1,1,1,1,1,1,1,1,1,0.933333333333333
"GS03","POST",1,1,1,0,1,1,1,1,1,1,1,1,1,1,1,0.933333333333333
"GS03","PRE",1,1,1,0,0,0,1,1,1,1,1,1,1,1,1,0.8
"GS04","POST",1,1,1,1,1,0,1,1,1,1,1,1,1,1,1,0.933333333333333
"GS04","PRE",1,1,1,0,1,0,1,1,1,1,1,1,1,1,1,0.866666666666667
"GS05","POST",1,1,1,0,1,1,1,1,1,1,1,1,1,1,1,0.933333333333333
"GS05","PRE",1,1,0,0,0,1,1,1,1,1,1,1,1,1,1,0.8
"GS06","POST",1,1,1,0,0,1,1,1,1,1,1,1,1,1,1,0.866666666666667
"GS06","PRE",1,1,1,1,1,1,1,1,1,1,1,1,1,1,1,1
"GS07","POST",1,1,1,0,1,1,1,1,1,1,1,1,1,1,1,0.933333333333333
"GS07","PRE",0,0,0,0,0,0,0,0,0,0,0,0,1,0,0,0.0666666666666667
"GS08","POST",1,1,1,1,0,0,1,1,1,1,1,1,1,1,1,0.866666666666667
"GS08","PRE",1,1,1,0,1,1,0,1,1,1,1,1,1,1,1,0.866666666666667
"GS09","POST",1,1,0,1,1,1,1,1,1,0,1,1,1,1,1,0.866666666666667
"GS09","PRE",1,1,1,0,0,0,0,0,1,1,0,1,1,1,1,0.6
"GS10","POST",1,1,1,0,0,0,1,1,1,1,1,1,1,1,1,0.8
"GS10","PRE",1,1,0,0,0,0,1,1,1,0,1,1,1,1,1,0.666666666666667
"GS11","POST",1,1,1,0,0,0,0,0,1,1,1,1,1,1,1,0.666666666666667
"GS11","PRE",1,1,0,1,0,0,1,1,0,1,1,1,1,1,1,0.733333333333333
"GS12","POST",1,1,0,1,1,1,1,0,1,0,1,1,1,1,1,0.8
"GS12","PRE",1,1,1,1,0,0,1,1,1,1,1,1,1,1,1,0.866666666666667
"GS13","POST",1,1,0,0,0,0,1,0,1,1,1,1,1,1,1,0.666666666666667
"GS13","PRE",1,0,1,0,0,0,0,0,0,0,0,1,0,1,1,0.333333333333333
"GS14","POST",1,1,0,0,0,0,1,0,1,0,0,1,1,1,1,0.533333333333333
"GS14","PRE",0,1,0,0,0,0,0,1,1,1,0,1,1,0,0,0.4
"GS15","POST",0,1,0,0,0,0,0,0,0,0,0,1,1,0,0,0.2
"GS15","PRE",0,0,0,0,0,0,1,0,0,1,1,1,1,1,1,0.466666666666667
"HD01","POST",1,1,0,0,1,1,1,1,1,1,1,1,1,1,1,0.866666666666667
"HD01","PRE",0,1,0,0,0,1,0,1,1,1,1,1,1,1,1,0.666666666666667
"HD02","POST",1,1,1,1,0,1,1,1,1,0,1,1,1,1,1,0.866666666666667
"HD02","PRE",1,1,0,0,0,1,0,1,1,1,1,1,1,1,1,0.733333333333333
"HD03","POST",1,1,0,0,1,1,1,1,1,0,1,1,1,1,1,0.8
"HD03","PRE",1,1,1,0,1,1,1,1,1,0,1,1,1,1,1,0.866666666666667
"HD04","POST",1,1,1,0,0,1,1,1,1,0,1,1,1,1,1,0.8
"HD04","PRE",1,1,0,0,0,0,0,1,1,1,0,1,1,1,1,0.6
"HD05","POST",1,1,1,0,0,1,1,1,1,1,1,1,1,1,1,0.866666666666667
"HD05","PRE",1,1,1,0,0,1,1,1,1,0,1,1,1,1,1,0.8
"HD06","POST",1,1,1,0,1,0,0,1,1,0,1,1,1,1,1,0.733333333333333
"HD06","PRE",1,1,1,0,0,1,1,1,1,0,1,1,1,1,1,0.8
"HD07","POST",1,1,1,0,0,0,1,1,1,0,1,1,1,1,1,0.733333333333333
"HD07","PRE",1,1,1,0,0,1,1,1,1,1,1,1,1,1,1,0.866666666666667
"HD08","POST",1,1,1,0,0,1,1,1,1,0,1,1,1,1,1,0.8
"HD08","PRE",1,1,1,0,1,0,0,1,1,1,1,1,1,1,1,0.8
"HD09","POST",1,1,0,0,0,0,1,1,1,1,1,1,1,1,1,0.733333333333333
"HD09","PRE",0,1,1,0,0,0,0,1,0,0,1,1,1,1,1,0.533333333333333
"HD10","POST",1,1,0,0,0,0,1,1,1,1,1,1,1,1,1,0.733333333333333
"HD10","PRE",1,1,0,0,0,1,0,1,1,0,1,1,1,1,1,0.666666666666667
"HD11","POST",1,1,1,0,1,1,1,1,1,1,1,1,1,1,1,0.933333333333333
"HD11","PRE",1,1,1,0,0,0,0,1,1,0,1,1,1,1,1,0.666666666666667
"HD12","POST",1,1,1,1,0,1,1,1,1,0,1,1,1,1,1,0.866666666666667
"HD12","PRE",0,0,0,0,0,1,1,1,1,0,1,1,1,1,1,0.6
"HD13","POST",1,1,0,0,0,0,0,1,1,0,1,1,1,1,1,0.6
"HD13","PRE",1,1,0,0,0,0,0,1,1,0,1,1,1,1,1,0.6
"HD14","POST",1,1,0,0,0,1,1,1,1,0,1,1,1,1,1,0.733333333333333
"HD14","PRE",1,1,1,0,0,1,0,1,1,1,1,1,1,1,1,0.8
"HD15","POST",1,1,1,0,0,1,1,1,1,0,1,1,1,1,1,0.8
"HD15","PRE",1,1,1,0,1,0,1,1,1,1,1,1,1,1,1,0.866666666666667
"HON01","POST",1,1,0,0,0,0,0,0,1,0,0,0,1,1,1,0.4
"HON01","PRE",1,1,1,0,0,1,0,0,1,0,1,1,1,1,1,0.666666666666667
"HON02","POST",1,1,0,0,0,0,0,1,1,0,1,1,1,1,1,0.6
"HON02","PRE",1,1,0,0,0,0,0,0,1,0,0,1,1,1,1,0.466666666666667
"HON03","POST",1,1,0,0,1,1,1,1,1,0,1,1,1,1,1,0.8
"HON03","PRE",1,1,0,0,0,1,0,0,1,0,1,1,1,1,1,0.6
"HON04","POST",1,1,0,0,1,0,1,1,1,0,1,1,1,1,1,0.733333333333333
"HON04","PRE",1,0,0,0,0,0,0,0,1,0,0,0,1,1,1,0.333333333333333
"HON05","POST",1,1,0,0,1,1,1,0,1,1,0,1,1,0,0,0.6
"HON05","PRE",1,1,1,0,1,1,1,1,1,0,1,1,1,1,1,0.866666666666667
"HON06","POST",1,1,0,0,1,0,1,1,1,1,1,1,1,1,1,0.8
"HON06","PRE",1,1,0,0,0,1,0,1,1,1,1,0,1,1,1,0.666666666666667
"HON07","POST",1,1,0,0,1,1,1,0,1,1,1,1,1,1,1,0.8
"HON07","PRE",1,1,0,0,0,0,1,0,1,0,0,0,1,1,1,0.466666666666667
"HON08","POST",1,1,0,0,1,0,1,1,1,1,1,1,1,1,1,0.8
"HON08","PRE",0,1,0,0,0,1,0,0,1,1,1,0,1,1,1,0.533333333333333
"HON09","POST",1,1,0,0,1,1,1,1,1,1,1,1,1,1,1,0.866666666666667
"HON09","PRE",0,0,0,0,0,0,0,1,1,0,0,0,1,1,1,0.333333333333333
"HON10","POST",1,1,0,0,1,1,1,1,1,1,1,1,1,1,1,0.866666666666667
"HON10","PRE",1,1,0,0,0,0,0,1,1,0,1,0,1,1,1,0.533333333333333
"HON11","POST",1,1,1,0,1,0,1,1,1,1,1,1,1,1,1,0.866666666666667
"HON11","PRE",1,1,1,0,0,1,1,1,1,1,1,1,1,1,1,0.866666666666667
"HON12","POST",1,1,0,0,0,1,0,1,1,0,1,1,1,1,1,0.666666666666667
"HON12","PRE",1,1,1,0,0,1,0,1,1,1,1,1,1,1,1,0.8
"HON13","POST",1,1,0,0,1,1,1,1,1,0,1,1,1,1,1,0.8
"HON13","PRE",1,1,0,0,0,0,0,0,1,0,1,1,1,1,1,0.533333333333333
"HON14","POST",1,1,0,0,0,1,1,0,1,1,1,1,1,1,1,0.733333333333333
"HON14","PRE",1,1,1,0,1,1,1,1,1,1,1,0,1,1,1,0.866666666666667
"HON15","POST",1,1,0,0,1,0,1,1,1,1,1,1,1,1,1,0.8
"HON15","PRE",1,1,1,0,0,0,0,0,1,0,1,1,1,1,1,0.6
"IBM01","POST",1,1,0,0,1,1,1,1,1,1,0,1,1,1,1,0.8
"IBM01","PRE",1,1,0,0,0,1,1,1,1,1,1,1,1,1,1,0.8
"IBM02","POST",1,1,1,0,1,1,1,1,1,1,1,1,1,1,1,0.933333333333333
"IBM02","PRE",0,1,1,0,0,0,0,1,1,1,1,1,1,1,1,0.666666666666667
"IBM03","POST",1,1,0,0,1,0,0,1,1,1,1,1,1,1,1,0.733333333333333
"IBM03","PRE",1,1,1,0,0,0,0,1,1,1,1,1,1,1,1,0.733333333333333
"IBM04","POST",1,1,1,0,1,1,1,1,1,1,1,1,1,1,1,0.933333333333333
"IBM04","PRE",0,1,0,0,0,0,0,1,1,1,1,1,1,1,1,0.6
"IBM05","POST",1,1,0,0,1,1,1,1,1,1,1,1,1,1,1,0.866666666666667
"IBM05","PRE",1,1,1,0,0,1,0,1,1,1,1,0,1,1,1,0.733333333333333
"IBM06","POST",1,1,0,0,1,0,1,1,1,1,1,0,1,1,1,0.733333333333333
"IBM06","PRE",0,1,0,0,0,0,0,0,1,1,1,1,1,1,1,0.533333333333333
"IBM07","POST",1,1,0,0,1,0,1,1,1,1,1,1,1,1,1,0.8
"IBM07","PRE",1,1,1,0,1,1,1,1,1,1,1,0,1,1,1,0.866666666666667
"IBM08","POST",1,1,1,1,1,1,1,1,1,1,1,1,1,1,1,1
"IBM08","PRE",1,1,1,0,0,0,0,1,1,0,1,0,1,1,1,0.6
"IBM09","POST",1,1,1,0,1,1,0,1,1,1,1,1,1,1,1,0.866666666666667
"IBM09","PRE",0,1,1,0,0,0,0,1,1,1,1,1,1,1,1,0.666666666666667
"IBM10","POST",1,1,0,0,1,1,0,0,1,1,0,1,1,1,1,0.666666666666667
"IBM10","PRE",1,1,1,0,0,1,1,1,1,1,1,1,1,1,1,0.866666666666667
"IBM11","POST",1,1,0,0,1,1,1,1,1,1,1,1,1,1,1,0.866666666666667
"IBM11","PRE",1,1,0,0,1,1,0,1,1,1,1,1,1,1,1,0.8
"IBM12","POST",1,1,0,0,1,0,1,1,1,1,1,1,1,1,1,0.8
"IBM12","PRE",1,1,0,0,0,0,1,1,1,1,1,1,1,1,1,0.733333333333333
"IBM13","POST",1,1,1,0,1,1,1,1,1,1,1,1,1,1,1,0.933333333333333
"IBM13","PRE",0,1,1,0,0,1,0,1,1,0,0,1,1,0,0,0.466666666666667
"IBM14","POST",1,1,1,0,0,0,0,1,1,1,1,1,1,1,1,0.733333333333333
"IBM14","PRE",1,0,1,0,1,1,1,1,1,1,1,1,1,1,1,0.866666666666667
"IBM15","POST",1,1,0,0,1,1,1,1,1,1,1,1,1,1,1,0.866666666666667
"IBM15","PRE",0,0,0,0,0,0,1,1,1,1,1,1,1,1,1,0.6
"JNJ01","POST",1,1,0,0,1,1,0,1,1,1,1,1,1,1,1,0.8
"JNJ01","PRE",1,1,1,0,0,1,1,1,1,1,1,1,1,1,1,0.866666666666667
"JNJ02","POST",1,1,1,0,1,1,1,1,1,1,1,1,1,1,1,0.933333333333333
"JNJ02","PRE",1,1,1,0,1,1,1,1,1,1,1,1,1,1,1,0.933333333333333
"JNJ03","POST",1,1,1,0,0,1,1,1,1,1,1,1,1,1,1,0.866666666666667
"JNJ03","PRE",0,1,0,0,0,0,1,0,0,1,0,1,1,1,1,0.466666666666667
"JNJ04","POST",1,1,1,1,1,1,0,1,1,1,1,1,1,1,1,0.933333333333333
"JNJ04","PRE",1,1,1,0,1,1,0,1,1,1,1,1,1,1,1,0.866666666666667
"JNJ05","POST",1,1,1,0,1,1,1,1,1,1,1,1,1,1,1,0.933333333333333
"JNJ05","PRE",0,0,0,0,0,0,0,1,1,1,0,1,0,1,1,0.4
"JNJ06","POST",1,1,1,0,0,1,1,1,1,1,1,1,1,1,1,0.866666666666667
"JNJ06","PRE",1,1,1,0,1,1,1,1,1,1,1,1,1,1,1,0.933333333333333
"JNJ07","POST",1,1,1,0,1,1,1,1,1,1,1,1,1,1,1,0.933333333333333
"JNJ07","PRE",0,0,0,0,0,0,0,0,1,1,0,1,1,1,1,0.4
"JNJ08","POST",1,1,0,0,0,1,1,1,1,1,1,1,1,1,1,0.8
"JNJ08","PRE",1,1,1,0,1,1,1,1,1,1,1,1,1,1,1,0.933333333333333
"JNJ09","POST",1,1,1,0,1,1,1,1,1,1,1,1,1,1,1,0.933333333333333
"JNJ09","PRE",1,1,1,0,1,1,1,1,1,1,1,1,1,1,1,0.933333333333333
"JNJ10","POST",1,1,1,0,0,0,1,1,1,1,1,1,1,1,1,0.8
"JNJ10","PRE",1,1,1,0,1,0,1,1,1,1,1,1,1,1,1,0.866666666666667
"JNJ11","POST",1,1,1,0,1,1,0,1,1,1,1,1,1,1,1,0.866666666666667
"JNJ11","PRE",1,1,0,0,1,1,1,1,1,1,1,1,1,1,1,0.866666666666667
"JNJ12","POST",1,1,1,0,1,1,1,1,1,0,1,1,1,1,1,0.866666666666667
"JNJ12","PRE",1,1,1,0,0,1,1,1,1,1,1,1,1,1,1,0.866666666666667
"JNJ13","POST",1,1,1,0,1,1,1,1,1,1,1,1,1,1,1,0.933333333333333
"JNJ13","PRE",1,1,1,0,0,1,0,0,1,0,0,1,1,1,1,0.6
"JNJ14","POST",1,1,1,0,1,1,1,1,1,1,1,1,1,1,1,0.933333333333333
"JNJ14","PRE",1,1,1,0,1,1,1,1,1,1,1,1,1,1,1,0.933333333333333
"JNJ15","POST",1,1,0,0,0,1,1,1,1,1,1,1,1,1,1,0.8
"JNJ15","PRE",1,1,0,0,0,1,0,1,1,1,1,1,1,1,1,0.733333333333333
"KO01","POST",1,1,1,0,1,1,1,1,1,1,1,1,1,1,1,0.933333333333333
"KO01","PRE",1,1,1,1,1,1,1,1,1,1,1,0,1,1,1,0.933333333333333
"KO02","POST",1,1,1,0,1,1,1,1,1,1,1,1,1,1,1,0.933333333333333
"KO02","PRE",1,1,1,0,1,1,1,1,1,1,1,1,1,1,1,0.933333333333333
"KO03","POST",1,1,0,0,1,1,1,1,1,1,1,1,1,1,1,0.866666666666667
"KO03","PRE",1,1,1,1,1,1,1,1,1,1,1,1,1,1,1,1
"KO04","POST",1,1,0,0,1,1,1,1,1,1,1,1,1,1,1,0.866666666666667
"KO04","PRE",1,1,1,0,0,1,1,1,1,1,1,1,1,1,1,0.866666666666667
"KO05","POST",1,1,1,0,1,1,1,1,1,1,1,1,1,1,1,0.933333333333333
"KO05","PRE",1,1,1,0,1,1,1,1,1,1,1,1,1,1,1,0.933333333333333
"KO06","POST",1,1,0,1,1,1,1,1,1,1,1,1,1,1,1,0.933333333333333
"KO06","PRE",1,1,1,0,0,1,1,1,1,0,1,1,1,1,1,0.8
"KO07","POST",1,1,1,0,1,0,1,1,1,1,1,1,1,1,1,0.866666666666667
"KO07","PRE",1,1,0,0,1,1,1,1,1,1,1,1,1,1,1,0.866666666666667
"KO08","POST",1,1,1,0,0,1,1,1,1,1,1,1,1,1,1,0.866666666666667
"KO08","PRE",1,1,0,0,1,1,1,1,1,1,1,1,1,1,1,0.866666666666667
"KO09","POST",1,1,1,0,1,1,1,1,1,1,1,1,1,1,1,0.933333333333333
"KO09","PRE",1,1,1,1,1,1,1,1,1,1,1,0,1,1,1,0.933333333333333
"KO10","POST",1,1,1,0,0,1,1,1,1,1,1,1,1,1,1,0.866666666666667
"KO10","PRE",1,1,1,1,1,1,1,1,1,1,1,1,1,1,1,1
"KO11","POST",1,1,0,0,0,1,1,1,1,1,1,0,1,1,1,0.733333333333333
"KO11","PRE",1,1,1,0,0,1,1,1,1,1,1,0,1,1,1,0.8
"KO12","POST",1,1,1,1,0,1,1,1,1,1,1,1,1,1,1,0.933333333333333
"KO12","PRE",1,1,1,0,1,1,0,1,1,0,1,1,1,1,1,0.8
"KO13","POST",1,1,1,0,1,1,1,1,1,1,1,1,1,1,1,0.933333333333333
"KO13","PRE",1,1,1,0,1,1,0,1,1,0,1,1,1,1,1,0.8
"KO14","POST",1,1,1,0,0,1,1,1,1,1,1,1,1,1,1,0.866666666666667
"KO14","PRE",1,1,1,1,1,1,1,1,1,0,1,1,1,1,1,0.933333333333333
"KO15","POST",1,1,0,0,0,1,1,1,1,0,1,1,1,1,1,0.733333333333333
"KO15","PRE",1,1,1,0,1,1,1,1,1,1,1,1,1,1,1,0.933333333333333
"MCD01","POST",1,1,1,0,1,1,1,1,1,1,1,1,1,1,1,0.933333333333333
"MCD01","PRE",1,1,0,0,0,1,1,1,1,1,0,1,1,1,1,0.733333333333333
"MCD02","POST",1,1,0,0,0,0,1,1,1,1,1,1,1,1,1,0.733333333333333
"MCD02","PRE",1,1,1,0,0,0,0,0,1,1,1,1,1,1,1,0.666666666666667
"MCD03","POST",1,1,0,0,1,0,1,1,1,1,0,1,1,1,1,0.733333333333333
"MCD03","PRE",1,0,1,0,0,0,0,1,1,1,1,1,1,1,1,0.666666666666667
"MCD04","POST",1,0,0,0,1,0,1,1,1,1,0,1,1,1,1,0.666666666666667
"MCD04","PRE",0,0,0,0,0,0,1,1,1,1,1,0,1,1,1,0.533333333333333
"MCD05","POST",1,1,0,0,0,1,1,0,0,0,0,1,1,0,0,0.4
"MCD05","PRE",1,1,1,0,0,0,0,1,1,1,1,1,1,1,1,0.733333333333333
"MCD06","POST",1,1,0,0,0,1,1,1,0,0,0,0,1,1,1,0.533333333333333
"MCD06","PRE",0,0,0,0,0,0,0,0,0,0,1,1,0,0,0,0.133333333333333
"MCD07","POST",1,1,0,0,0,0,1,1,1,1,0,1,1,1,1,0.666666666666667
"MCD07","PRE",1,1,0,0,0,0,0,0,0,0,0,1,0,1,1,0.333333333333333
"MCD08","POST",1,1,0,0,1,0,1,1,1,1,1,1,1,1,1,0.8
"MCD08","PRE",0,0,0,0,0,0,0,0,0,0,1,0,1,1,1,0.266666666666667
"MCD09","POST",1,1,0,0,0,1,1,1,1,0,1,1,1,1,1,0.733333333333333
"MCD09","PRE",0,0,0,0,0,0,0,0,0,0,0,1,0,0,0,0.0666666666666667
"MCD10","POST",1,1,0,0,0,1,1,1,1,1,1,0,1,1,1,0.733333333333333
"MCD10","PRE",0,0,0,0,0,0,0,0,0,0,0,0,0,0,0,0
"MCD11","POST",1,1,0,0,0,0,1,0,0,0,1,0,1,1,1,0.466666666666667
"MCD11","PRE",0,1,0,0,0,0,0,1,1,1,1,1,1,1,1,0.6
"MCD12","POST",1,1,0,0,0,0,1,1,1,1,1,1,1,1,1,0.733333333333333
"MCD12","PRE",0,0,0,0,0,0,0,0,0,0,0,0,0,0,0,0
"MCD13","POST",1,1,0,0,0,1,1,1,1,0,1,1,1,1,1,0.733333333333333
"MCD13","PRE",0,0,0,0,0,0,0,0,0,0,0,0,0,0,0,0
"MCD14","POST",1,0,0,0,0,0,1,1,1,1,1,1,1,1,1,0.666666666666667
"MCD14","PRE",1,1,0,0,0,0,0,0,1,1,1,1,1,1,1,0.6
"MCD15","POST",1,1,1,0,1,0,1,1,1,0,1,0,1,1,1,0.733333333333333
"MCD15","PRE",1,1,1,0,1,0,1,1,1,1,1,1,1,1,1,0.866666666666667
"MMM01","POST",1,1,0,0,1,0,1,0,1,1,0,1,1,1,1,0.666666666666667
"MMM01","PRE",0,0,0,0,0,0,0,0,0,0,0,0,0,0,0,0
"MMM02","POST",1,1,0,0,1,0,1,1,1,0,1,1,1,1,1,0.733333333333333
"MMM02","PRE",1,0,0,0,0,1,0,0,1,0,1,1,1,1,1,0.533333333333333
"MMM03","POST",1,1,0,0,1,1,1,1,1,0,1,1,1,1,1,0.8
"MMM03","PRE",0,0,1,0,0,1,0,0,0,0,1,1,0,0,0,0.266666666666667
"MMM04","POST",1,0,0,0,0,1,0,0,0,0,0,0,1,1,1,0.333333333333333
"MMM04","PRE",1,1,1,0,0,0,0,0,1,1,1,0,1,1,1,0.6
"MMM05","POST",1,1,0,0,1,1,1,0,0,0,1,1,1,1,1,0.666666666666667
"MMM05","PRE",1,1,0,0,0,0,1,0,1,0,0,1,1,1,1,0.533333333333333
"MMM06","POST",1,1,0,0,1,1,1,0,0,0,0,1,1,1,1,0.6
"MMM06","PRE",1,1,1,0,0,0,0,0,1,1,1,1,1,1,1,0.666666666666667
"MMM07","POST",1,1,1,0,1,1,1,0,0,1,0,1,1,1,1,0.733333333333333
"MMM08","POST",0,0,0,0,1,1,0,0,1,0,0,0,1,0,0,0.266666666666667
"MMM08","PRE",1,1,0,0,0,1,0,1,1,1,1,1,1,1,1,0.733333333333333
"MMM09","POST",1,1,0,0,1,1,0,1,1,1,1,1,1,1,1,0.8
"MMM09","PRE",0,0,0,0,0,0,0,0,1,0,0,1,1,0,0,0.2
"MMM10","POST",1,1,1,0,1,0,1,1,1,1,1,1,1,1,1,0.866666666666667
"MMM10","PRE",0,0,0,0,0,0,0,0,1,1,0,0,1,0,0,0.2
"MMM11","POST",1,0,0,0,0,0,0,0,1,1,1,1,1,1,1,0.533333333333333
"MMM11","PRE",0,0,1,0,0,0,0,0,0,0,0,1,1,1,1,0.333333333333333
"MMM12","POST",0,1,0,0,0,0,0,0,1,0,0,1,1,0,0,0.266666666666667
"MMM12","PRE",1,1,1,0,0,1,1,1,1,0,1,1,1,1,1,0.8
"MMM13","POST",0,1,0,0,0,0,0,0,1,0,0,1,1,0,0,0.266666666666667
"MMM13","PRE",0,0,0,0,0,0,0,0,1,0,0,1,1,0,0,0.2
"MMM14","POST",1,0,0,0,0,0,1,1,1,1,1,1,1,1,1,0.666666666666667
"MMM14","PRE",0,0,0,0,0,0,0,0,1,0,0,0,1,0,0,0.133333333333333
"MMM15","POST",0,0,1,0,0,1,1,1,1,1,1,1,1,1,1,0.733333333333333
"MMM15","PRE",1,0,1,0,1,1,1,0,1,1,1,1,1,1,1,0.8
"MSFT01","POST",1,1,1,0,1,1,1,1,1,1,1,1,1,1,1,0.933333333333333
"MSFT01","PRE",1,1,1,1,1,1,1,1,1,1,1,1,1,1,1,1
"MSFT02","POST",1,1,1,0,1,1,1,1,1,1,1,1,1,1,1,0.933333333333333
"MSFT02","PRE",1,1,1,0,1,0,1,1,1,1,1,1,1,1,1,0.866666666666667
"MSFT03","POST",1,1,1,0,1,1,1,1,1,1,1,1,1,1,1,0.933333333333333
"MSFT03","PRE",1,1,1,1,0,0,1,1,1,1,0,1,1,1,1,0.8
"MSFT04","POST",1,1,1,0,0,0,1,1,1,1,1,1,1,1,1,0.8
"MSFT04","PRE",1,1,1,0,1,1,1,1,1,1,1,1,1,1,1,0.933333333333333
"MSFT05","POST",1,1,1,0,0,0,1,1,1,1,1,1,1,1,1,0.8
"MSFT05","PRE",1,1,1,0,1,1,1,1,1,1,1,1,1,1,1,0.933333333333333
"MSFT06","POST",1,1,0,0,1,1,1,1,1,1,1,1,1,1,1,0.866666666666667
"MSFT06","PRE",1,1,1,0,0,1,1,1,1,1,1,1,1,1,1,0.866666666666667
"MSFT07","POST",1,1,1,0,0,1,1,1,1,1,1,1,1,1,1,0.866666666666667
"MSFT07","PRE",1,1,1,1,1,1,1,1,1,1,1,1,1,1,1,1
"MSFT08","POST",1,1,1,0,0,1,0,1,1,1,1,1,1,1,1,0.8
"MSFT08","PRE",1,1,0,0,0,0,1,1,1,1,1,1,1,1,1,0.733333333333333
"MSFT09","POST",1,1,0,0,0,0,1,1,1,1,1,1,1,1,1,0.733333333333333
"MSFT09","PRE",1,1,0,0,1,0,0,1,1,1,1,1,1,1,1,0.733333333333333
"MSFT10","POST",1,1,1,1,1,1,1,1,1,1,1,1,1,1,1,1
"MSFT10","PRE",1,1,0,0,0,0,1,1,1,1,1,1,1,1,1,0.733333333333333
"MSFT11","POST",1,1,0,0,0,1,1,1,1,1,1,1,1,1,1,0.8
"MSFT11","PRE",1,1,1,0,1,0,0,1,1,1,1,1,1,1,1,0.8
"MSFT12","POST",1,0,0,0,0,0,1,1,1,1,1,1,1,1,1,0.666666666666667
"MSFT12","PRE",0,1,1,0,0,1,0,1,1,1,1,1,1,1,1,0.733333333333333
"MSFT13","POST",1,1,1,0,1,0,1,1,1,0,1,1,1,1,1,0.8
"MSFT13","PRE",1,1,1,1,1,1,1,1,1,1,1,1,1,1,1,1
"MSFT14","POST",1,1,1,0,1,0,1,1,1,1,1,1,1,1,1,0.866666666666667
"MSFT14","PRE",1,1,0,1,0,0,1,1,1,1,1,1,1,1,1,0.8
"MSFT15","POST",1,1,1,0,1,0,0,1,1,1,1,1,1,1,1,0.8
"MSFT15","PRE",1,1,1,0,0,0,0,1,1,0,1,1,1,1,1,0.666666666666667
"NKE01","POST",1,1,0,0,1,1,1,1,1,1,1,1,1,1,1,0.866666666666667
"NKE01","PRE",0,1,1,0,0,1,1,1,1,1,1,1,1,1,1,0.8
"NKE02","POST",0,0,1,0,1,1,1,1,1,1,1,1,1,1,1,0.8
"NKE02","PRE",1,0,1,0,1,1,1,1,1,1,0,1,1,1,1,0.8
"NKE03","POST",1,1,1,0,0,1,1,1,1,1,1,1,1,1,1,0.866666666666667
"NKE03","PRE",0,0,0,0,0,0,1,1,1,1,1,1,1,1,1,0.6
"NKE04","POST",1,1,0,0,1,1,1,1,1,1,1,1,0,1,1,0.8
"NKE04","PRE",0,0,0,0,0,1,1,1,1,1,1,1,1,1,1,0.666666666666667
"NKE05","POST",1,1,1,0,1,0,1,1,1,1,1,1,1,1,1,0.866666666666667
"NKE05","PRE",1,1,1,0,0,1,1,1,1,1,1,1,1,1,1,0.866666666666667
"NKE06","POST",0,0,0,0,0,0,0,0,0,0,0,1,0,0,0,0.0666666666666667
"NKE06","PRE",1,1,1,0,0,1,1,1,1,1,1,1,1,1,1,0.866666666666667
"NKE07","POST",1,1,0,0,0,1,1,1,1,1,1,1,1,1,1,0.8
"NKE07","PRE",1,1,1,0,0,1,1,1,1,1,1,1,1,1,1,0.866666666666667
"NKE08","POST",0,1,0,0,0,0,0,1,1,0,1,1,1,1,1,0.533333333333333
"NKE08","PRE",1,1,1,0,0,1,1,1,1,1,1,1,1,1,1,0.866666666666667
"NKE09","POST",0,1,1,0,0,1,1,1,1,1,1,1,1,1,1,0.8
"NKE09","PRE",1,1,1,0,0,0,1,1,1,1,1,1,1,1,1,0.8
"NKE10","POST",1,1,0,0,1,0,1,1,1,1,1,1,1,1,1,0.8
"NKE10","PRE",0,0,0,0,0,0,0,1,0,0,0,1,0,1,1,0.266666666666667
"NKE11","POST",1,1,0,0,0,0,0,1,1,0,1,1,1,1,1,0.6
"NKE11","PRE",1,1,1,0,0,1,1,1,1,0,0,1,1,1,1,0.733333333333333
"NKE12","POST",1,1,0,1,0,0,1,1,1,1,1,1,1,1,1,0.8
"NKE12","PRE",0,1,0,0,0,0,0,1,1,1,1,1,1,1,1,0.6
"NKE13","POST",1,1,1,0,0,0,0,1,1,0,1,1,1,1,1,0.666666666666667
"NKE13","PRE",1,1,1,0,1,0,0,1,1,0,1,1,1,1,1,0.733333333333333
"NKE14","POST",1,1,1,0,0,0,1,1,1,0,1,1,1,1,1,0.733333333333333
"NKE14","PRE",1,1,1,0,1,1,0,1,1,1,1,1,1,1,1,0.866666666666667
"NKE15","POST",1,1,1,0,0,0,1,1,1,1,1,1,1,1,1,0.8
"NKE15","PRE",1,1,1,0,0,0,1,1,1,1,1,1,1,1,1,0.8
"NVDA01","POST",1,1,1,0,0,0,1,1,1,1,1,1,1,1,1,0.8
"NVDA01","PRE",1,1,0,0,0,0,1,1,1,1,1,1,1,1,1,0.733333333333333
"NVDA02","POST",1,1,1,1,0,1,1,1,1,1,1,1,1,1,1,0.933333333333333
"NVDA02","PRE",1,1,1,1,1,0,1,1,1,1,1,1,1,1,1,0.933333333333333
"NVDA03","POST",1,1,1,1,1,1,1,1,1,1,1,1,1,1,1,1
"NVDA03","PRE",1,1,1,1,0,1,1,1,1,1,1,1,1,1,1,0.933333333333333
"NVDA04","POST",1,1,1,0,0,0,1,1,1,1,1,1,1,1,1,0.8
"NVDA04","PRE",1,1,0,0,1,0,0,1,1,1,1,1,1,1,1,0.733333333333333
"NVDA05","POST",1,1,1,0,1,1,1,1,1,1,1,1,1,1,1,0.933333333333333
"NVDA05","PRE",1,1,1,1,0,1,1,1,1,1,1,1,1,1,1,0.933333333333333
"NVDA06","POST",1,1,1,1,1,1,1,1,1,1,1,1,1,1,1,1
"NVDA06","PRE",1,1,0,1,0,0,1,1,1,1,1,1,1,1,1,0.8
"NVDA07","POST",1,1,0,0,0,1,1,1,1,1,1,1,1,1,1,0.8
"NVDA07","PRE",1,1,1,0,1,0,1,1,1,1,1,1,1,1,1,0.866666666666667
"NVDA08","POST",1,1,1,0,0,1,0,1,1,1,1,1,1,1,1,0.8
"NVDA08","PRE",1,1,1,0,0,0,0,1,1,0,1,1,1,1,1,0.666666666666667
"NVDA09","POST",1,1,1,0,0,0,1,1,1,1,1,1,1,1,1,0.8
"NVDA09","PRE",1,1,1,0,0,0,1,1,1,1,1,1,1,1,1,0.8
"NVDA10","POST",1,1,1,1,0,0,1,1,1,1,1,1,1,1,1,0.866666666666667
"NVDA10","PRE",1,1,1,0,0,1,0,1,1,1,1,1,1,1,1,0.8
"NVDA11","POST",1,1,0,0,0,0,1,1,1,1,1,1,1,1,1,0.733333333333333
"NVDA11","PRE",1,1,1,0,0,0,0,1,1,1,1,1,1,1,1,0.733333333333333
"NVDA12","POST",1,1,1,0,0,0,1,1,1,1,1,1,1,1,1,0.8
"NVDA12","PRE",1,1,0,0,0,0,0,1,1,1,1,1,1,1,1,0.666666666666667
"NVDA13","POST",1,1,0,0,0,0,0,1,1,1,1,1,1,1,1,0.666666666666667
"NVDA13","PRE",1,1,1,0,0,0,1,1,1,1,1,1,1,1,1,0.8
"NVDA14","POST",0,1,1,0,0,1,1,1,1,1,1,1,1,1,1,0.8
"NVDA14","PRE",1,1,0,1,0,0,0,1,1,1,1,1,1,1,1,0.733333333333333
"NVDA15","POST",1,1,1,0,0,1,0,1,1,1,1,1,1,1,1,0.8
"NVDA15","PRE",1,1,1,0,0,0,1,1,1,1,0,1,1,1,1,0.733333333333333
"PG01","POST",1,1,0,0,1,1,1,1,1,1,1,1,1,1,1,0.866666666666667
"PG01","PRE",0,1,0,0,0,0,0,1,1,0,1,1,1,1,1,0.533333333333333
"PG02","POST",1,1,1,0,1,1,1,1,1,1,1,1,1,1,1,0.933333333333333
"PG02","PRE",1,1,0,0,0,0,0,1,1,0,1,0,1,1,1,0.533333333333333
"PG03","POST",1,0,0,0,1,1,1,1,1,0,1,1,1,1,1,0.733333333333333
"PG03","PRE",1,1,0,1,1,1,0,1,1,0,1,1,1,1,1,0.8
"PG04","POST",1,1,0,0,0,1,1,1,1,1,1,1,1,1,1,0.8
"PG04","PRE",1,0,1,0,1,1,1,1,1,0,1,1,1,1,1,0.8
"PG05","POST",1,1,1,1,1,1,1,1,1,1,1,1,1,1,1,1
"PG05","PRE",1,1,1,0,0,1,1,1,1,0,1,1,1,1,1,0.8
"PG06","POST",1,0,0,0,1,1,1,1,1,0,0,1,1,1,1,0.666666666666667
"PG06","PRE",1,1,0,0,0,0,1,1,0,1,1,1,1,1,1,0.666666666666667
"PG07","POST",1,1,1,1,1,1,1,1,1,0,1,1,1,1,1,0.933333333333333
"PG07","PRE",1,1,0,0,0,1,1,1,1,0,1,1,1,1,1,0.733333333333333
"PG08","POST",1,1,0,0,0,0,1,1,1,1,1,1,1,1,1,0.733333333333333
"PG08","PRE",1,1,1,0,0,1,0,1,1,0,1,1,1,1,1,0.733333333333333
"PG09","POST",1,1,1,0,1,1,1,1,1,1,1,1,1,1,1,0.933333333333333
"PG09","PRE",1,1,1,0,1,1,0,1,1,0,1,1,1,1,1,0.8
"PG10","POST",1,1,0,0,1,1,1,1,1,0,1,1,1,1,1,0.8
"PG10","PRE",1,1,1,0,1,1,1,1,1,1,1,1,1,1,1,0.933333333333333
"PG11","POST",1,1,1,0,0,1,0,1,1,1,1,1,1,1,1,0.8
"PG11","PRE",1,1,1,0,1,1,1,1,1,1,1,1,1,1,1,0.933333333333333
"PG12","POST",1,1,1,1,1,1,1,1,1,0,1,1,1,1,1,0.933333333333333
"PG12","PRE",1,1,1,0,1,1,1,1,1,1,1,0,1,1,1,0.866666666666667
"PG13","POST",1,1,1,0,1,1,0,1,1,1,1,1,1,1,1,0.866666666666667
"PG13","PRE",1,1,0,0,1,1,1,1,1,0,1,1,1,1,1,0.8
"PG14","POST",0,0,0,0,0,0,0,1,1,0,1,1,0,1,1,0.4
"PG14","PRE",0,1,0,0,0,0,1,1,1,0,1,1,1,1,1,0.6
"PG15","POST",1,1,1,0,1,1,0,1,1,0,1,1,1,1,1,0.8
"PG15","PRE",1,1,0,0,0,1,1,1,0,0,0,1,1,1,1,0.6
"SHW01","POST",1,1,0,0,1,1,1,0,1,0,1,1,1,1,1,0.733333333333333
"SHW01","PRE",0,0,0,0,0,0,0,0,0,0,0,0,0,0,0,0
"SHW02","POST",0,1,0,0,1,1,1,1,1,0,0,1,1,0,0,0.533333333333333
"SHW02","PRE",0,0,0,0,0,0,0,0,0,0,1,0,1,1,1,0.266666666666667
"SHW03","POST",1,1,0,0,0,1,1,0,0,0,1,1,1,1,1,0.6
"SHW03","PRE",0,0,0,0,0,0,0,0,1,0,0,1,0,0,0,0.133333333333333
"SHW04","POST",1,0,0,0,1,1,1,1,1,0,0,1,1,1,1,0.666666666666667
"SHW04","PRE",0,0,1,0,0,1,0,0,1,0,1,1,0,1,1,0.466666666666667
"SHW05","POST",1,1,0,0,0,1,0,0,0,0,0,1,1,0,0,0.333333333333333
"SHW05","PRE",1,1,0,0,1,0,1,1,1,0,1,0,1,1,1,0.666666666666667
"SHW06","POST",1,1,0,0,0,1,1,1,1,1,1,0,1,1,1,0.733333333333333
"SHW06","PRE",1,1,0,0,1,1,0,1,1,0,1,1,1,1,1,0.733333333333333
"SHW07","POST",1,1,1,0,1,1,1,1,1,0,1,0,1,1,1,0.8
"SHW07","PRE",0,0,0,0,0,0,0,0,0,0,0,0,0,0,0,0
"SHW08","POST",1,1,0,0,1,1,1,0,1,0,1,0,1,1,1,0.666666666666667
"SHW08","PRE",1,1,1,0,1,1,0,0,1,1,1,0,1,1,1,0.733333333333333
"SHW09","POST",1,1,1,0,1,1,1,0,0,0,1,1,1,1,1,0.733333333333333
"SHW09","PRE",0,0,0,0,0,0,0,0,0,0,0,0,0,0,0,0
"SHW10","POST",1,1,0,0,1,1,1,1,1,0,1,0,1,1,1,0.733333333333333
"SHW10","PRE",0,0,0,0,0,0,0,0,0,0,1,0,0,1,1,0.2
"SHW11","POST",1,1,0,0,0,1,1,0,1,0,1,0,1,1,1,0.6
"SHW12","POST",1,1,0,0,1,1,1,0,0,1,1,1,1,1,1,0.733333333333333
"SHW12","PRE",0,0,0,0,0,0,1,1,1,1,0,0,1,0,0,0.333333333333333
"SHW13","POST",0,0,0,0,0,1,0,0,1,0,0,0,0,0,0,0.133333333333333
"SHW13","PRE",0,0,0,0,0,0,0,1,1,0,1,0,0,1,1,0.333333333333333
"SHW14","POST",0,1,0,0,0,0,0,0,1,0,0,1,1,0,0,0.266666666666667
"SHW14","PRE",0,0,0,0,0,0,0,0,1,0,0,1,1,0,0,0.2
"SHW15","POST",1,1,0,0,0,0,1,0,1,0,1,1,1,1,1,0.6
"SHW15","PRE",1,1,1,1,1,1,0,1,1,0,1,1,1,1,1,0.866666666666667
"TRV01","POST",1,1,1,1,0,1,1,1,0,0,1,0,0,1,1,0.666666666666667
"TRV01","PRE",1,1,0,0,0,0,0,1,1,0,1,0,1,1,1,0.533333333333333
"TRV02","POST",1,1,1,1,1,1,1,1,1,0,1,0,1,1,1,0.866666666666667
"TRV02","PRE",1,1,1,1,1,0,0,1,1,0,1,0,1,1,1,0.733333333333333
"TRV03","POST",1,1,0,1,0,1,1,1,1,0,0,1,1,1,1,0.733333333333333
"TRV04","POST",1,1,0,1,1,1,1,1,1,1,1,1,1,1,1,0.933333333333333
"TRV04","PRE",1,1,0,0,0,0,0,1,1,0,1,0,1,1,1,0.533333333333333
"TRV05","POST",1,1,1,1,1,1,1,1,1,1,1,1,1,1,1,1
"TRV05","PRE",1,1,0,1,1,0,0,0,0,0,1,1,1,1,1,0.6
"TRV06","POST",1,1,0,1,1,1,1,0,1,1,1,1,1,1,1,0.866666666666667
"TRV06","PRE",1,1,0,1,1,1,0,1,1,1,1,1,1,1,1,0.866666666666667
"TRV07","POST",1,1,0,1,0,0,0,0,0,0,1,1,1,1,1,0.533333333333333
"TRV07","PRE",1,1,0,0,0,0,0,0,0,0,0,1,1,1,1,0.4
"TRV08","POST",1,1,0,1,1,0,1,0,0,0,1,0,1,1,1,0.6
"TRV08","PRE",1,1,1,0,1,1,0,0,1,0,1,1,1,1,1,0.733333333333333
"TRV09","POST",0,1,0,0,0,1,1,0,1,0,0,1,1,1,1,0.533333333333333
"TRV09","PRE",0,0,0,0,0,0,0,0,1,0,0,0,0,0,0,0.0666666666666667
"TRV10","POST",0,1,0,0,0,1,1,0,0,0,0,1,1,0,0,0.333333333333333
"TRV10","PRE",0,0,0,0,0,0,0,0,0,0,0,0,0,0,0,0
"TRV11","POST",0,0,0,0,0,0,0,0,0,0,0,0,0,0,0,0
"TRV11","PRE",0,0,0,0,0,0,0,0,1,0,0,0,0,0,0,0.0666666666666667
"TRV12","POST",0,0,0,0,0,0,0,0,0,0,0,1,1,0,0,0.133333333333333
"TRV12","PRE",0,1,0,0,0,0,0,1,1,0,1,1,1,1,1,0.533333333333333
"TRV13","POST",1,1,0,0,0,0,0,0,0,0,1,1,0,1,1,0.4
"TRV13","PRE",0,0,0,0,0,0,0,0,0,0,1,0,0,1,1,0.2
"TRV14","POST",1,1,0,0,0,0,0,0,1,0,1,1,0,1,1,0.466666666666667
"TRV14","PRE",0,0,0,0,0,0,0,0,0,0,1,0,0,1,1,0.2
"TRV15","POST",1,1,0,0,0,0,0,0,0,0,1,1,0,1,1,0.4
"UNH01","POST",1,1,0,0,1,0,1,1,1,0,1,1,1,1,1,0.733333333333333
"UNH01","PRE",1,1,0,0,0,1,0,1,0,0,1,1,1,1,1,0.6
"UNH02","POST",1,1,1,0,0,1,1,1,1,1,1,1,1,1,1,0.866666666666667
"UNH02","PRE",0,1,0,0,0,1,0,1,1,1,1,1,1,1,1,0.666666666666667
"UNH03","POST",0,1,0,0,0,0,0,0,0,0,1,1,1,1,1,0.4
"UNH03","PRE",1,1,1,0,1,1,0,1,1,0,1,1,1,1,1,0.8
"UNH04","POST",1,1,1,0,0,1,1,1,1,1,1,1,1,1,1,0.866666666666667
"UNH04","PRE",1,1,1,0,0,0,0,1,1,0,1,1,1,1,1,0.666666666666667
"UNH05","POST",1,1,1,1,0,1,1,1,1,0,1,1,1,1,1,0.866666666666667
"UNH05","PRE",1,1,1,0,0,0,0,1,1,0,1,1,1,1,1,0.666666666666667
"UNH06","POST",1,1,1,0,0,0,1,1,1,0,0,1,1,1,1,0.666666666666667
"UNH06","PRE",1,1,1,0,1,1,1,1,1,1,1,1,1,1,1,0.933333333333333
"UNH07","POST",1,1,1,0,1,0,1,1,1,0,1,1,1,1,1,0.8
"UNH07","PRE",0,0,1,0,1,1,1,1,1,1,1,1,1,1,1,0.8
"UNH08","POST",1,1,1,0,1,1,1,1,1,0,1,1,1,1,1,0.866666666666667
"UNH08","PRE",1,1,0,0,0,0,0,1,1,0,0,1,1,1,1,0.533333333333333
"UNH09","POST",1,1,0,0,1,1,1,1,1,0,1,1,1,1,1,0.8
"UNH09","PRE",1,1,1,0,1,1,1,1,1,0,1,1,1,1,1,0.866666666666667
"UNH10","POST",1,1,1,0,1,1,1,1,1,0,1,1,1,1,1,0.866666666666667
"UNH10","PRE",1,1,1,0,1,1,0,1,1,0,1,1,1,1,1,0.8
"UNH11","POST",1,1,1,0,1,1,1,1,1,1,1,1,1,1,1,0.933333333333333
"UNH11","PRE",1,1,1,0,1,1,0,1,1,1,1,1,1,1,1,0.866666666666667
"UNH12","POST",1,1,1,0,1,0,1,1,1,1,1,1,1,1,1,0.866666666666667
"UNH12","PRE",1,1,1,0,0,1,0,1,1,0,1,1,1,1,1,0.733333333333333
"UNH13","POST",1,1,0,0,0,0,1,0,1,0,1,1,1,1,1,0.6
"UNH13","PRE",1,1,1,0,1,1,0,1,1,1,1,1,1,1,1,0.866666666666667
"UNH14","POST",1,1,0,0,0,1,0,1,1,1,1,1,1,1,1,0.733333333333333
"UNH14","PRE",1,1,1,0,0,1,0,1,1,1,1,1,1,1,1,0.8
"UNH15","POST",1,1,1,0,0,1,1,1,1,0,1,1,1,1,1,0.8
"UNH15","PRE",0,1,0,0,0,1,0,0,1,1,0,0,1,0,0,0.333333333333333
"V01","POST",1,1,0,0,1,1,1,1,1,1,1,1,1,1,1,0.866666666666667
"V01","PRE",1,1,1,0,1,1,1,1,1,1,1,1,1,1,1,0.933333333333333
"V02","POST",1,1,0,1,1,1,1,1,1,1,1,1,1,1,1,0.933333333333333
"V02","PRE",1,1,0,0,1,1,1,1,1,1,1,1,1,1,1,0.866666666666667
"V03","POST",1,1,0,0,1,1,1,1,1,1,1,1,1,1,1,0.866666666666667
"V03","PRE",1,1,0,0,0,0,0,1,1,1,1,1,1,1,1,0.666666666666667
"V04","POST",1,1,1,0,0,1,1,1,1,1,1,1,1,1,1,0.866666666666667
"V04","PRE",1,1,0,1,1,0,1,1,1,1,1,1,1,1,1,0.866666666666667
"V05","POST",1,1,1,1,1,1,1,1,1,1,1,1,1,1,1,1
"V05","PRE",1,1,1,0,0,1,0,1,1,1,1,1,1,1,1,0.8
"V06","POST",1,1,0,0,0,1,1,1,1,1,1,1,1,1,1,0.8
"V06","PRE",1,1,1,0,0,1,0,1,1,1,1,1,1,1,1,0.8
"V07","POST",1,1,1,1,1,1,0,1,1,0,1,1,1,1,1,0.866666666666667
"V07","PRE",1,1,1,0,0,1,0,1,1,1,1,1,1,1,1,0.8
"V08","POST",1,1,0,1,1,1,1,1,1,1,1,1,1,1,1,0.933333333333333
"V08","PRE",1,1,0,1,1,1,1,1,1,1,1,1,1,1,1,0.933333333333333
"V09","POST",1,1,1,0,0,0,0,1,1,1,1,1,1,1,1,0.733333333333333
"V09","PRE",1,1,1,1,1,1,1,1,1,1,1,1,1,1,1,1
"V10","POST",1,1,1,1,1,1,1,1,1,1,1,1,1,1,1,1
"V10","PRE",1,1,1,0,0,0,1,1,1,0,1,1,1,1,1,0.733333333333333
"V11","POST",1,1,1,0,1,1,0,1,1,1,1,1,1,1,1,0.866666666666667
"V11","PRE",1,1,1,1,1,0,1,1,1,1,1,1,1,1,1,0.933333333333333
"V12","POST",1,1,1,0,0,0,1,1,1,0,1,1,1,1,1,0.733333333333333
"V12","PRE",1,1,1,1,0,0,1,1,1,1,1,1,1,1,1,0.866666666666667
"V13","POST",1,1,0,0,0,1,0,1,1,1,1,1,1,1,1,0.733333333333333
"V13","PRE",1,0,1,0,0,1,0,1,1,1,1,1,1,1,1,0.733333333333333
"V14","POST",1,1,0,0,0,0,1,1,1,1,1,1,1,1,1,0.733333333333333
"V14","PRE",1,1,1,0,1,0,0,1,1,1,1,1,1,1,1,0.8
"V15","POST",1,1,0,0,1,0,0,1,1,1,1,1,1,1,1,0.733333333333333
"V15","PRE",1,1,1,0,0,0,1,1,1,0,1,1,1,1,1,0.733333333333333
"VZ01","POST",1,1,1,0,1,1,1,1,1,1,1,1,1,1,1,0.933333333333333
"VZ01","PRE",1,1,1,0,1,1,1,1,1,1,1,1,1,1,1,0.933333333333333
"VZ02","POST",1,1,1,0,1,1,1,1,1,1,1,1,1,1,1,0.933333333333333
"VZ02","PRE",1,1,1,0,1,1,0,1,1,1,1,1,1,1,1,0.866666666666667
"VZ03","POST",1,1,0,0,1,1,1,1,1,1,1,1,1,1,1,0.866666666666667
"VZ03","PRE",1,1,0,0,0,0,1,0,1,1,1,1,1,1,1,0.666666666666667
"VZ04","POST",1,1,0,0,1,1,1,1,1,1,1,1,1,1,1,0.866666666666667
"VZ04","PRE",1,1,1,0,1,1,0,1,1,1,0,1,1,1,1,0.8
"VZ05","POST",1,1,1,0,1,1,1,1,1,1,1,1,1,1,1,0.933333333333333
"VZ05","PRE",1,1,1,0,1,1,0,1,1,1,1,1,1,1,1,0.866666666666667
"VZ06","POST",1,1,1,0,1,1,0,1,1,1,1,1,1,1,1,0.866666666666667
"VZ06","PRE",1,1,0,0,0,1,0,0,0,0,0,1,1,1,1,0.466666666666667
"VZ07","POST",1,1,1,0,1,1,1,0,1,1,0,1,1,1,1,0.8
"VZ07","PRE",1,1,1,0,1,1,0,1,1,1,1,1,1,1,1,0.866666666666667
"VZ08","POST",1,1,1,0,1,1,1,1,1,1,1,1,1,1,1,0.933333333333333
"VZ08","PRE",1,1,1,0,0,1,0,1,1,1,1,1,1,1,1,0.8
"VZ09","POST",1,1,1,0,1,1,1,1,1,1,1,1,1,1,1,0.933333333333333
"VZ09","PRE",1,1,1,0,1,1,0,1,1,1,0,1,1,1,1,0.8
"VZ10","POST",1,1,1,0,1,1,1,1,1,1,1,1,1,1,1,0.933333333333333
"VZ10","PRE",1,0,1,0,0,1,0,1,1,1,1,1,1,1,1,0.733333333333333
"VZ11","POST",1,1,1,0,0,1,1,1,1,1,1,1,1,1,1,0.866666666666667
"VZ11","PRE",1,1,1,0,0,1,1,1,1,1,1,1,1,1,1,0.866666666666667
"VZ12","POST",1,1,1,0,1,1,1,1,1,1,1,1,1,1,1,0.933333333333333
"VZ12","PRE",1,1,1,0,0,1,1,1,1,1,1,1,1,1,1,0.866666666666667
"VZ13","POST",1,1,1,0,1,1,1,1,1,1,1,1,1,1,1,0.933333333333333
"VZ13","PRE",1,1,1,0,0,1,0,1,1,1,0,1,1,1,1,0.733333333333333
"VZ14","POST",0,1,0,0,0,1,1,1,1,1,0,1,1,0,0,0.533333333333333
"VZ14","PRE",1,1,1,0,1,1,0,1,1,1,1,1,1,1,1,0.866666666666667
"VZ15","POST",1,1,1,0,0,1,1,1,1,1,0,1,1,1,1,0.8
"VZ15","PRE",1,1,1,0,0,1,1,1,1,1,1,1,1,1,1,0.866666666666667
"WMT01","POST",1,1,1,0,1,0,1,1,1,1,1,1,1,1,1,0.866666666666667
"WMT01","PRE",1,1,1,0,1,1,1,1,1,1,1,1,1,1,1,0.933333333333333
"WMT02","POST",1,1,1,0,0,1,1,1,1,1,1,1,1,1,1,0.866666666666667
"WMT02","PRE",1,1,1,0,0,1,1,1,1,1,1,1,1,1,1,0.866666666666667
"WMT03","POST",1,1,1,0,0,1,1,1,1,1,1,1,1,1,1,0.866666666666667
"WMT03","PRE",1,1,1,0,1,1,1,1,1,1,1,1,1,1,1,0.933333333333333
"WMT04","POST",1,1,1,0,1,1,1,1,1,1,1,1,1,1,1,0.933333333333333
"WMT04","PRE",1,1,1,0,0,1,1,1,1,1,1,1,1,1,1,0.866666666666667
"WMT05","POST",1,1,0,0,0,1,0,1,1,1,1,1,1,1,1,0.733333333333333
"WMT05","PRE",1,1,1,0,1,1,1,1,1,1,1,1,1,1,1,0.933333333333333
"WMT06","POST",1,1,1,0,1,1,1,1,1,1,1,1,1,1,1,0.933333333333333
"WMT06","PRE",1,1,1,0,0,0,1,1,1,1,1,1,1,1,1,0.8
"WMT07","POST",1,1,1,0,0,0,1,1,1,1,1,1,1,1,1,0.8
"WMT07","PRE",1,1,1,0,0,1,1,1,1,1,1,1,1,1,1,0.866666666666667
"WMT08","POST",1,1,1,0,0,1,1,1,1,1,1,1,1,1,1,0.866666666666667
"WMT08","PRE",0,1,1,0,0,0,0,1,1,1,0,1,1,1,1,0.6
"WMT09","POST",1,1,0,0,0,1,1,1,1,1,1,1,1,1,1,0.8
"WMT09","PRE",1,1,0,0,0,0,1,0,1,1,1,1,1,1,1,0.666666666666667
"WMT10","POST",1,1,1,0,1,0,1,1,1,1,1,1,1,1,1,0.866666666666667
"WMT10","PRE",1,1,1,0,0,0,1,1,1,1,1,1,1,1,1,0.8
"WMT11","POST",1,1,1,1,0,0,1,1,1,1,1,1,1,1,1,0.866666666666667
"WMT11","PRE",1,1,1,0,1,1,1,1,1,1,1,1,1,1,1,0.933333333333333
"WMT12","POST",1,1,0,0,1,1,1,1,1,1,1,1,1,1,1,0.866666666666667
"WMT12","PRE",1,1,0,0,1,1,0,1,1,1,1,1,1,1,1,0.8
"WMT13","POST",1,1,1,1,1,1,1,1,1,0,1,1,1,1,1,0.933333333333333
"WMT13","PRE",1,1,0,0,0,0,0,0,1,0,1,1,1,1,1,0.533333333333333
"WMT14","POST",1,1,1,0,0,1,1,1,1,1,1,1,1,1,1,0.866666666666667
"WMT14","PRE",0,0,0,0,0,1,1,0,0,1,0,1,1,1,1,0.466666666666667
"WMT15","POST",0,0,0,0,0,0,1,1,1,0,1,1,1,1,1,0.533333333333333
"WMT15","PRE",0,1,0,0,0,0,0,1,1,1,0,1,1,1,1,0.533333333333333
